ETA,VIN,Year,Model,Hold Status,Pre-Sold,Shipping Status,Total MSRP,Exterior Color,Interior Color,Distance,Dealer,Dealer Website,SmartPath,Options
2024-10-16,5TDBSKFC5RS153211,2024,Sienna LE,DealerHold,False,Factory to port,45316,Ruby Flare Pearl [extra_cost_color],Gray Woven Fabric,218,South Dade Toyota,https://www.southdadetoyota.com,True,50 State Emissions | 6-Gallons of Gas | All Weather Floor Mats | All Weather Tri-Fold Cargo Liner | LE Plus Package: | Phone Cable Charge Package | Premium Paint | SET Digital Portfolio | TOYOGUARD Platinum
2024-10-21,5TDBSKFCXRS40D191,2024,Sienna LE,DealerHold,False,Factory to port,43943,Blueprint,Gray Woven Fabric,75,Village Cadillac-Toyota,https://www.villagetoyota.com,False,50 State Emissions | 6-Gallons of Gas | Carpet Floor Mats | LE Plus Package: | Phone Cable Charge Package | Southeast Toyota Distributor
2024-10-01,5TDDRKEC0RS221632,2024,Sienna XSE,DealerHold,False,At dealer,50734,Ruby Flare Pearl [extra_cost_color],Moonstone + Grey Embossed Softex® [softex],200,Doral Toyota,https://www.doraltoyota.com,True,1500W Inverter with Two 120V AC Outlets | 50 State Emissions | 6-Gallons of Gas | Carpet Floor Mats | Clear Paint Protection - Door Package | Cross Bars | Illuminated Door Sills | Mudguards | Phone Cable Charge Package | Premium Paint | Southeast Toyota Distributor | TOYOGUARD Platinum | XSE Plus Package:
2024-10-22,5TDDRKEC1RS40D926,2024,Sienna XSE,Available,False,Factory to port,49093,Celestial Silver Metallic,Gray Flannel + Black Embossed Softex® [softex],181,AutoNation Toyota Weston,https://www.autonationtoyotaweston.com,True,1500W Inverter with Two 120V AC Outlets | 50 State Emissions | 6-Gallons of Gas | Clear Paint Protection - Door Package | Mudguards | SET Digital Portfolio | TOYOGUARD Platinum | XSE Plus Package:
2024-10-16,5TDDRKEC2RS40D076,2024,Sienna XSE,Available,False,Factory to port,50569,Celestial Silver Metallic,Gray Flannel + Black Embossed Softex® [softex],123,Arlington Toyota,https://www.arlingtontoyota.com,True,1500W Inverter with Two 120V AC Outlets | 50 State Emissions | 6-Gallons of Gas | All Weather Floor Mats | All Weather Tri-Fold Cargo Liner | Illuminated Door Sills | Mudguards | Phone Cable Charge Package | SET Digital Portfolio | SmartLED Ambient Lighting | TOYOGUARD Platinum | XSE Plus Package:
2024-10-09,5TDDRKEC3RS222709,2024,Sienna XSE,,False,Factory to port,48574,Celestial Silver Metallic,Gray Flannel + Black Embossed Softex® [softex],4,Toyota of Orlando,https://www.toyotaoforlando.com,False,1500W Inverter with Two 120V AC Outlets | 50 State Emissions | 6-Gallons of Gas | Carpet Floor Mats | Mudguards | Southeast Toyota Distributor | XSE Plus Package:
2024-10-21,5TDDRKEC3RS40D992,2024,Sienna XSE,,False,Factory to port,49791,Cement,Moonstone + Grey Embossed Softex® [softex],17,Seminole Toyota,https://www.seminoletoyota.com,False,1500W Inverter with Two 120V AC Outlets | 50 State Emissions | 6-Gallons of Gas | All Weather Floor Mats | All Weather Tri-Fold Cargo Liner | Clear Paint Protection - Full Hood Package | Illuminated Door Sills | Mudguards | SET Digital Portfolio | XSE Plus Package:
2024-10-12,5TDDRKEC4RS222427,2024,Sienna XSE,Available,False,Factory to port,49172,Ice Cap,Gray Flannel + Black Embossed Softex® [softex],173,Toyota of Deerfield Beach,https://www.toyotaofdeerfieldbeach.com,False,1500W Inverter with Two 120V AC Outlets | 50 State Emissions | 6-Gallons of Gas | Clear Paint Protection - Door Package | Mudguards | Phone Cable Charge Package | SET Digital Portfolio | TOYOGUARD Platinum | XSE Plus Package:
2024-10-12,5TDDRKEC4RS222945,2024,Sienna XSE,Available,False,Factory to port,48145,Celestial Silver Metallic,Moonstone + Grey Embossed Softex® [softex],194,Toyota of North Miami,https://www.toyotaofnorthmiami.com,False,1500W Inverter with Two 120V AC Outlets | 50 State Emissions | 6-Gallons of Gas | Mudguards | SET Digital Portfolio | XSE Plus Package:
2024-10-15,5TDDRKEC4RS223318,2024,Sienna XSE,Available,False,Factory to port,50319,Blueprint,Moonstone + Grey Embossed Softex® [softex],166,Ed Morse Delray Toyota,https://www.delraytoyota.com,False,1500W Inverter with Two 120V AC Outlets | 50 State Emissions | 6-Gallons of Gas | All Weather Floor Mats | All Weather Tri-Fold Cargo Liner | Clear Paint Protection - Door Package | Illuminated Door Sills | Mudguards | Phone Cable Charge Package | SET Digital Portfolio | TOYOGUARD Platinum | XSE Plus Package:
2024-10-19,5TDDRKEC4RS39D604,2024,Sienna XSE,DealerHold,False,Factory to port,49352,Ice Cap,Gray Flannel + Black Embossed Softex® [softex],151,Palm Beach Toyota,https://www.palmbeachtoyota.com,True,1500W Inverter with Two 120V AC Outlets | 50 State Emissions | 6-Gallons of Gas | All Weather Floor Mats | Mudguards | Phone Cable Charge Package | SET Digital Portfolio | TOYOGUARD Platinum | XSE Plus Package:
2024-10-19,5TDDRKEC5RS40D363,2024,Sienna XSE,Available,False,Factory to port,48574,Celestial Silver Metallic,Gray Flannel + Black Embossed Softex® [softex],192,Headquarter Toyota,https://www.headquartertoyota.com,False,1500W Inverter with Two 120V AC Outlets | 50 State Emissions | 6-Gallons of Gas | Carpet Floor Mats | Mudguards | Southeast Toyota Distributor | XSE Plus Package:
2024-10-13,5TDDRKEC7RS223121,2024,Sienna XSE,DealerHold,False,Factory to port,49313,Ice Cap,Moonstone + Grey Embossed Softex® [softex],180,Lipton Toyota,https://www.liptontoyota.com,True,1500W Inverter with Two 120V AC Outlets | 50 State Emissions | 6-Gallons of Gas | Illuminated Door Sills | Mudguards | SET Digital Portfolio | TOYOGUARD Platinum | XSE Plus Package:
2024-10-16,5TDDRKEC7RS223636,2024,Sienna XSE,Available,False,Factory to port,49991,Ice Cap,Gray Flannel + Black Embossed Softex® [softex],209,West Kendall Toyota,https://www.westkendalltoyota.com,False,1500W Inverter with Two 120V AC Outlets | 50 State Emissions | 6-Gallons of Gas | All Weather Floor Mats | Clear Paint Protection - Door Package | Illuminated Door Sills | Mudguards | SET Digital Portfolio | TOYOGUARD Platinum | XSE Plus Package:
2024-10-09,5TDDRKEC8RS222706,2024,Sienna XSE,Available,False,Factory to port,49043,Celestial Silver Metallic,Moonstone + Grey Embossed Softex® [softex],116,Keith Pierson Toyota,https://www.keithpiersontoyota.com,False,1500W Inverter with Two 120V AC Outlets | 50 State Emissions | 6-Gallons of Gas | All Weather Floor Mats | Illuminated Door Sills | Mudguards | SET Digital Portfolio | XSE Plus Package:
2024-11-04,5TDDRKECXSS42B749,2025,SIENNA XSE,DealerHold,False,Factory to port,52526,CEMENT,BLACK,17,Seminole Toyota,https://www.seminoletoyota.com,False,1500W Inverter with Two 120V AC Outlets | 50 State Emissions | 6-Gallons of Gas | All Weather Floor Mats | All Weather Tri-Fold Cargo Liner | Clear Paint Protection - Full Hood Package | Illuminated Front Door Sills | Mudguards | Rear Seat Entertainment System- | SET Digital Portfolio | XSE Plus Package:
2024-09-30,5TDERKEC0RS221604,2024,Sienna Platinum,Available,False,At dealer,56417,Wind Chill Pearl [extra_cost_color],Nobel Brown Leather,89,Beaver Toyota of St. Augustine,https://www.beavertoyotastaugustine.com,False,50 State Emissions | 6-Gallons of Gas | Illuminated Door Sills | Mudguards | Phone Cable Charge Package | Platinum Package | Premium Paint | SET Digital Portfolio | TOYOGUARD Platinum
2024-10-16,5TDERKEC0RS223594,2024,Sienna Platinum,DealerHold,False,Factory to port,57478,Predawn Gray Mica,Nobel Brown Leather,112,Coggin Toyota at the Avenues,https://www.coggintoyota.com,False,50 State Emissions | 6-Gallons of Gas | Clear Paint Protection - Door Package | Clear Paint Protection - Full Hood Package | Cross Bars | Illuminated Door Sills | Mudguards | Phone Cable Charge Package | Platinum Package | SmartLED Ambient Lighting | Southeast Toyota Distributor | TOYOGUARD Platinum
2024-10-20,5TDERKEC0RS40D906,2024,Sienna Platinum,Available,False,Factory to port,56670,Cypress,Nobel Brown Leather,218,South Dade Toyota,https://www.southdadetoyota.com,True,50 State Emissions | 6-Gallons of Gas | All Weather Floor Mats | All Weather Tri-Fold Cargo Liner | Illuminated Door Sills | Mudguards | Phone Cable Charge Package | Platinum Package | SET Digital Portfolio | TOYOGUARD Platinum
2024-10-13,5TDERKEC1RS223054,2024,Sienna Platinum,Available,False,Factory to port,56122,Predawn Gray Mica,Nobel Brown Leather,5,AutoNation Toyota Winter Park,https://www.autonationtoyotawinterpark.com,True,50 State Emissions | 6-Gallons of Gas | All Weather Floor Mats | All Weather Tri-Fold Cargo Liner | Free Lifetime Powertrain Warranty | Mudguards | Platinum Package | SET Digital Portfolio | TOYOGUARD Platinum
2024-10-15,5TDERKEC1RS223376,2024,Sienna Platinum,DealerHold,False,Factory to port,55170,Wind Chill Pearl [extra_cost_color],Nobel Brown Leather,172,Al Hendrickson Toyota,https://www.alhendricksontoyota.com,False,50 State Emissions | 6-Gallons of Gas | Mudguards | Platinum Package | Premium Paint | SET Digital Portfolio
2024-10-19,5TDERKEC1RS40C456,2024,Sienna Platinum,Available,False,Factory to port,57553,Midnight Black Metallic,Nobel Brown Leather,112,Coggin Toyota at the Avenues,https://www.coggintoyota.com,False,50 State Emissions | 6-Gallons of Gas | Clear Paint Protection - Door Package | Clear Paint Protection - Full Hood Package | Cross Bars | Illuminated Door Sills | Mudguards | Phone Cable Charge Package | Platinum Package | SmartLED Ambient Lighting | Southeast Toyota Distributor | TOYOGUARD Platinum | Temporary Spare Tire
2024-10-20,5TDERKEC1RS40D669,2024,Sienna Platinum,Available,False,Factory to port,57334,Ruby Flare Pearl [extra_cost_color],Nobel Brown Leather,63,Wesley Chapel Toyota,https://www.wesleychapeltoyota.com,True,50 State Emissions | 6-Gallons of Gas | Carpet Floor Mats | Clear Paint Protection - Door Package | Cross Bars | Illuminated Door Sills | Mudguards | Phone Cable Charge Package | Platinum Package | Premium Paint | SET Digital Portfolio | TOYOGUARD Platinum
2024-10-19,5TDERKEC2RS40C255,2024,Sienna Platinum,Available,False,Factory to port,55693,Midnight Black Metallic,Nobel Brown Leather,181,AutoNation Toyota Weston,https://www.autonationtoyotaweston.com,True,50 State Emissions | 6-Gallons of Gas | Clear Paint Protection - Door Package | Mudguards | Platinum Package | SET Digital Portfolio | TOYOGUARD Platinum
2024-10-23,5TDERKEC2RS40D132,2024,Sienna Platinum,Available,False,Factory to port,55523,Midnight Black Metallic,Nobel Brown Leather,119,Venice Toyota,https://www.venicetoyota.com,True,50 State Emissions | 6-Gallons of Gas | Mudguards | Phone Cable Charge Package | Platinum Package | SET Digital Portfolio | TOYOGUARD Platinum
2024-10-19,5TDERKEC2RS40D177,2024,Sienna Platinum,Available,False,Factory to port,55519,Cypress,Nobel Brown Leather,33,Phillips Toyota,https://www.phillipstoyota.com,False,50 State Emissions | 6-Gallons of Gas | Mudguards | Platinum Package | SET Digital Portfolio | TOYOGUARD Platinum | Temporary Spare Tire
2024-10-16,5TDERKEC3RS223766,2024,Sienna Platinum,Available,False,Factory to port,55444,Celestial Silver Metallic,Nobel Brown Leather,9,Central Florida Toyota,https://www.centralfloridatoyota.com,True,50 State Emissions | 6-Gallons of Gas | Mudguards | Platinum Package | SET Digital Portfolio | TOYOGUARD Platinum
2024-10-26,5TDERKEC3RS40D950,2024,Sienna Platinum,Available,False,Factory to port,56276,Celestial Silver Metallic,Nobel Brown Leather,157,Germain Toyota of Naples,https://www.germaintoyotaofnaples.com,False,50 State Emissions | 6-Gallons of Gas | Carpet Floor Mats | Clear Paint Protection - Door Package | Mudguards | Phone Cable Charge Package | Platinum Package | SET Digital Portfolio | TOYOGUARD Platinum | Temporary Spare Tire
2024-10-21,5TDERKEC4RS40D276,2024,Sienna Platinum,Available,False,Factory to port,57165,Predawn Gray Mica,Nobel Brown Leather,72,Courtesy Toyota,https://www.courtesytoyota.com,False,50 State Emissions | 6-Gallons of Gas | All Weather Floor Mats | Clear Paint Protection - Door Package | Clear Paint Protection - Full Hood Package | Illuminated Door Sills | Mudguards | Platinum Package | SET Digital Portfolio | TOYOGUARD Platinum | Temporary Spare Tire
2024-10-19,5TDERKEC4RS40D391,2024,Sienna Platinum,Available,False,Factory to port,55693,Predawn Gray Mica,Nobel Brown Leather,181,AutoNation Toyota Weston,https://www.autonationtoyotaweston.com,True,50 State Emissions | 6-Gallons of Gas | Clear Paint Protection - Door Package | Mudguards | Platinum Package | SET Digital Portfolio | TOYOGUARD Platinum
2024-08-30,5TDERKEC5RS216527,2024,Sienna Platinum,Available,False,At dealer,55988,Celestial Silver Metallic,Nobel Brown Leather,72,Toyota of Tampa Bay,https://www.toyotaoftampabay.com,False,50 State Emissions | 6-Gallons of Gas | Illuminated Door Sills | Mudguards | Platinum Package | SET Digital Portfolio | TOYOGUARD Platinum | Temporary Spare Tire
2024-09-17,5TDERKEC5RS219914,2024,Sienna Platinum,Available,False,At dealer,55523,Midnight Black Metallic,Nobel Brown Leather,89,Beaver Toyota of St. Augustine,https://www.beavertoyotastaugustine.com,False,50 State Emissions | 6-Gallons of Gas | Mudguards | Phone Cable Charge Package | Platinum Package | SET Digital Portfolio | TOYOGUARD Platinum
2024-10-19,5TDERKEC5RS39E507,2024,Sienna Platinum,Available,False,Factory to port,56197,Wind Chill Pearl [extra_cost_color],Nobel Brown Leather,91,Clearwater Toyota,https://www.clearwatertoyota.com,True,50 State Emissions | 6-Gallons of Gas | Clear Paint Protection - Door Package | Mudguards | Phone Cable Charge Package | Platinum Package | Premium Paint | SET Digital Portfolio | TOYOGUARD Platinum
2024-10-16,5TDERKEC5RS40D318,2024,Sienna Platinum,DealerHold,False,Factory to port,55643,Blueprint,Nobel Brown Leather,116,Keith Pierson Toyota,https://www.keithpiersontoyota.com,False,50 State Emissions | 6-Gallons of Gas | Carpet Floor Mats | Illuminated Door Sills | Mudguards | Platinum Package | SET Digital Portfolio
2024-09-21,5TDERKEC6RS220196,2024,Sienna Platinum,DealerHold,False,At dealer,56162,Predawn Gray Mica,Nobel Brown Leather,173,Toyota of Deerfield Beach,https://www.toyotaofdeerfieldbeach.com,False,50 State Emissions | 6-Gallons of Gas | Clear Paint Protection - Door Package | Illuminated Door Sills | Mudguards | Platinum Package | SET Digital Portfolio | TOYOGUARD Platinum
2024-10-01,5TDERKEC6RS221607,2024,Sienna Platinum,DealerHold,False,At dealer,57334,Wind Chill Pearl [extra_cost_color],Nobel Brown Leather,200,Doral Toyota,https://www.doraltoyota.com,True,50 State Emissions | 6-Gallons of Gas | Carpet Floor Mats | Clear Paint Protection - Door Package | Cross Bars | Illuminated Door Sills | Mudguards | Phone Cable Charge Package | Platinum Package | Premium Paint | Southeast Toyota Distributor | TOYOGUARD Platinum
2024-10-16,5TDERKEC6RS223597,2024,Sienna Platinum,Available,False,Factory to port,56626,Wind Chill Pearl [extra_cost_color],Nobel Brown Leather,157,Germain Toyota of Naples,https://www.germaintoyotaofnaples.com,False,50 State Emissions | 6-Gallons of Gas | Carpet Floor Mats | Clear Paint Protection - Door Package | Mudguards | Phone Cable Charge Package | Platinum Package | Premium Paint | SET Digital Portfolio | TOYOGUARD Platinum
2024-10-23,5TDERKEC6RS40C372,2024,Sienna Platinum,DealerHold,False,Factory to port,55944,Ruby Flare Pearl [extra_cost_color],Nobel Brown Leather,137,AutoNation Toyota Fort Myers,https://www.autonationtoyotafortmyers.com,False,50 State Emissions | 6-Gallons of Gas | Mudguards | Platinum Package | Premium Paint | SET Digital Portfolio | TOYOGUARD Platinum | Temporary Spare Tire
2024-10-12,5TDERKEC7RS222507,2024,Sienna Platinum,Available,False,Factory to port,56377,Wind Chill Pearl [extra_cost_color],Nobel Brown Leather,86,Sun Toyota,https://www.suntoyota.com,False,50 State Emissions | 6-Gallons of Gas | Carpet Floor Mats | Mudguards | Phone Cable Charge Package | Platinum Package | Premium Paint | Southeast Toyota Distributor | TOYOGUARD Platinum
2024-10-13,5TDERKEC7RS223091,2024,Sienna Platinum,DealerHold,False,Factory to port,57515,Wind Chill Pearl [extra_cost_color],Nobel Brown Leather,72,Courtesy Toyota,https://www.courtesytoyota.com,False,50 State Emissions | 6-Gallons of Gas | All Weather Floor Mats | Clear Paint Protection - Door Package | Clear Paint Protection - Full Hood Package | Illuminated Door Sills | Mudguards | Platinum Package | Premium Paint | SET Digital Portfolio | TOYOGUARD Platinum
2024-09-26,5TDERKEC8RS221141,2024,Sienna Platinum,Available,False,At dealer,56909,Predawn Gray Mica,Nobel Brown Leather,200,Doral Toyota,https://www.doraltoyota.com,True,50 State Emissions | 6-Gallons of Gas | Carpet Floor Mats | Clear Paint Protection - Door Package | Cross Bars | Illuminated Door Sills | Mudguards | Phone Cable Charge Package | Platinum Package | Southeast Toyota Distributor | TOYOGUARD Platinum
2024-10-13,5TDERKEC8RS222953,2024,Sienna Platinum,Available,False,Factory to port,56118,Wind Chill Pearl [extra_cost_color],Nobel Brown Leather,181,AutoNation Toyota Weston,https://www.autonationtoyotaweston.com,True,50 State Emissions | 6-Gallons of Gas | Clear Paint Protection - Door Package | Mudguards | Platinum Package | Premium Paint | SET Digital Portfolio | TOYOGUARD Platinum
2024-10-19,5TDERKEC8RS40D121,2024,Sienna Platinum,Available,False,Factory to port,55948,Predawn Gray Mica,Nobel Brown Leather,5,AutoNation Toyota Winter Park,https://www.autonationtoyotawinterpark.com,True,50 State Emissions | 6-Gallons of Gas | All Weather Floor Mats | Free Lifetime Powertrain Warranty | Mudguards | Platinum Package | SET Digital Portfolio | TOYOGUARD Platinum | Temporary Spare Tire
2024-10-22,5TDERKEC8RS40D958,2024,Sienna Platinum,Available,False,Factory to port,56745,Predawn Gray Mica,Nobel Brown Leather,194,Toyota of North Miami,https://www.toyotaofnorthmiami.com,False,50 State Emissions | 6-Gallons of Gas | All Weather Floor Mats | Clear Paint Protection - Door Package | Illuminated Door Sills | Mudguards | Phone Cable Charge Package | Platinum Package | SET Digital Portfolio | TOYOGUARD Platinum | Temporary Spare Tire
2024-10-12,5TDERKEC9RS222721,2024,Sienna Platinum,Available,False,Factory to port,56338,Wind Chill Pearl [extra_cost_color],Nobel Brown Leather,113,Sarasota Toyota,https://www.sarasotatoyota.com,False,50 State Emissions | 6-Gallons of Gas | Illuminated Door Sills | Mudguards | Platinum Package | Premium Paint | SET Digital Portfolio | TOYOGUARD Platinum
2024-10-19,5TDERKEC9RS39C582,2024,Sienna Platinum,DealerHold,False,Factory to port,55170,Ruby Flare Pearl [extra_cost_color],Nobel Brown Leather,75,Village Cadillac-Toyota,https://www.villagetoyota.com,False,50 State Emissions | 6-Gallons of Gas | Mudguards | Platinum Package | Premium Paint | Southeast Toyota Distributor
2024-10-19,5TDERKEC9RS40D001,2024,Sienna Platinum,Available,False,Factory to port,56396,Ruby Flare Pearl [extra_cost_color],Nobel Brown Leather,144,Earl Stewart Toyota of North Palm Beach,https://www.earlstewarttoyota.com,True,50 State Emissions | 6-Gallons of Gas | Carpet Floor Mats | Clear Paint Protection - Door Package | Illuminated Door Sills | Mudguards | Phone Cable Charge Package | Platinum Package | Premium Paint | SET Digital Portfolio
2024-10-23,5TDERKEC9RS40D175,2024,Sienna Platinum,,False,Factory to port,57165,Midnight Black Metallic,Nobel Brown Leather,188,Toyota of Hollywood,https://www.toyotaofhollywood.com,True,50 State Emissions | 6-Gallons of Gas | Carpet Floor Mats | Clear Paint Protection - Door Package | Clear Paint Protection - Full Hood Package | Illuminated Door Sills | Mudguards | Platinum Package | SET Digital Portfolio | TOYOGUARD Platinum | Temporary Spare Tire
2024-10-20,5TDERKEC9RS40E049,2024,Sienna Platinum,,False,Factory to port,55444,Celestial Silver Metallic,Nobel Brown Leather,137,AutoNation Toyota Fort Myers,https://www.autonationtoyotafortmyers.com,False,50 State Emissions | 6-Gallons of Gas | Mudguards | Platinum Package | SET Digital Portfolio | TOYOGUARD Platinum
2024-09-18,5TDERKECXRS219861,2024,Sienna Platinum,DealerHold,False,At dealer,57090,Celestial Silver Metallic,Nobel Brown Leather,78,Gettel Stadium Toyota,https://www.stadiumtoyota.com,False,50 State Emissions | 6-Gallons of Gas | Carpet Floor Mats | Illuminated Door Sills | Mudguards | Paint Protection Film - Hood & Door Package | Platinum Package | SET Digital Portfolio | TOYOGUARD Platinum
2024-09-21,5TDERKECXRS220119,2024,Sienna Platinum,Available,False,At dealer,57515,Wind Chill Pearl [extra_cost_color],Nobel Brown Leather,78,Gettel Stadium Toyota,https://www.stadiumtoyota.com,False,50 State Emissions | 6-Gallons of Gas | Carpet Floor Mats | Illuminated Door Sills | Mudguards | Paint Protection Film - Hood & Door Package | Platinum Package | Premium Paint | SET Digital Portfolio | TOYOGUARD Platinum
2024-09-24,5TDERKECXRS220542,2024,Sienna Platinum,Available,False,At dealer,56587,Wind Chill Pearl [extra_cost_color],Nobel Brown Leather,173,Toyota of Deerfield Beach,https://www.toyotaofdeerfieldbeach.com,False,50 State Emissions | 6-Gallons of Gas | Clear Paint Protection - Door Package | Illuminated Door Sills | Mudguards | Platinum Package | Premium Paint | SET Digital Portfolio | TOYOGUARD Platinum
2024-10-07,5TDERKECXRS222288,2024,Sienna Platinum,Available,False,Factory to port,56122,Midnight Black Metallic,Nobel Brown Leather,5,AutoNation Toyota Winter Park,https://www.autonationtoyotawinterpark.com,True,50 State Emissions | 6-Gallons of Gas | All Weather Floor Mats | All Weather Tri-Fold Cargo Liner | Free Lifetime Powertrain Warranty | Mudguards | Platinum Package | SET Digital Portfolio | TOYOGUARD Platinum
2024-10-20,5TDERKECXRS40C441,2024,Sienna Platinum,Available,False,Factory to port,56919,Midnight Black Metallic,Nobel Brown Leather,166,Ed Morse Delray Toyota,https://www.delraytoyota.com,False,50 State Emissions | 6-Gallons of Gas | All Weather Floor Mats | All Weather Tri-Fold Cargo Liner | Clear Paint Protection - Door Package | Illuminated Door Sills | Mudguards | Phone Cable Charge Package | Platinum Package | SET Digital Portfolio | TOYOGUARD Platinum
2024-10-19,5TDERKECXRS40D265,2024,Sienna Platinum,Available,False,Factory to port,57917,Cypress,Nobel Brown Leather,123,Arlington Toyota,https://www.arlingtontoyota.com,True,50 State Emissions | 6-Gallons of Gas | All Weather Floor Mats | All Weather Tri-Fold Cargo Liner | Illuminated Door Sills | Mudguards | Paint Protection Film - Hood & Door Package | Phone Cable Charge Package | Platinum Package | SET Digital Portfolio | SmartLED Ambient Lighting | TOYOGUARD Platinum
2024-10-07,5TDESKFC0RS151217,2024,Sienna Platinum,DealerHold,False,Factory to port,56823,Wind Chill Pearl [extra_cost_color],Nobel Brown Leather,101,Bev Smith Toyota,https://www.bevsmithtoyota.com,False,50 State Emissions | 6-Gallons of Gas | Illuminated Door Sills | Platinum Package | Premium Paint | SET Digital Portfolio | TOYOGUARD Platinum | Temporary Spare Tire: Removes 2nd-Row
2024-10-19,5TDESKFC0RS40D648,2024,Sienna Platinum,Available,False,Factory to port,55929,Predawn Gray Mica,Nobel Brown Leather,113,Sarasota Toyota,https://www.sarasotatoyota.com,False,50 State Emissions | 6-Gallons of Gas | Platinum Package | SET Digital Portfolio | TOYOGUARD Platinum | Temporary Spare Tire: Removes 2nd-Row
2024-09-11,5TDESKFC1RS147340,2024,Sienna Platinum,Available,False,At dealer,56772,Celestial Silver Metallic,Nobel Brown Leather,173,Toyota of Deerfield Beach,https://www.toyotaofdeerfieldbeach.com,False,50 State Emissions | 6-Gallons of Gas | Clear Paint Protection - Door Package | Illuminated Door Sills | Platinum Package | SET Digital Portfolio | TOYOGUARD Platinum
2024-10-12,5TDESKFC2RS152028,2024,Sienna Platinum,Available,False,Factory to port,56783,Wind Chill Pearl [extra_cost_color],Nobel Brown Leather,194,Toyota of North Miami,https://www.toyotaofnorthmiami.com,False,50 State Emissions | 6-Gallons of Gas | All Weather Floor Mats | Platinum Package | Premium Paint | SET Digital Portfolio | TOYOGUARD Platinum | Temporary Spare Tire: Removes 2nd-Row
2024-10-14,5TDESKFC2RS152479,2024,Sienna Platinum,Available,False,Factory to port,57450,Celestial Silver Metallic,Nobel Brown Leather,172,Al Hendrickson Toyota,https://www.alhendricksontoyota.com,False,50 State Emissions | 6-Gallons of Gas | All Weather Tri-Fold Cargo Liner | Carpet Floor Mats | Clear Paint Protection - Door Package | Illuminated Door Sills | Platinum Package | SET Digital Portfolio | TOYOGUARD Platinum
2024-10-26,5TDESKFC2RS40D649,2024,Sienna Platinum,Available,False,Factory to port,57155,Celestial Silver Metallic,Nobel Brown Leather,166,Ed Morse Delray Toyota,https://www.delraytoyota.com,False,50 State Emissions | 6-Gallons of Gas | All Weather Floor Mats | Clear Paint Protection - Door Package | Illuminated Door Sills | Phone Cable Charge Package | Platinum Package | SET Digital Portfolio | TOYOGUARD Platinum | Temporary Spare Tire: Removes 2nd-Row
2024-10-15,5TDESKFC4RS153004,2024,Sienna Platinum,Available,False,Factory to port,56054,Cypress,Nobel Brown Leather,33,Phillips Toyota,https://www.phillipstoyota.com,False,50 State Emissions | 6-Gallons of Gas | Platinum Package | SET Digital Portfolio | TOYOGUARD Platinum
2024-09-23,5TDESKFC5RS148703,2024,Sienna Platinum,Available,False,At dealer,56479,Wind Chill Pearl [extra_cost_color],Nobel Brown Leather,180,Lipton Toyota,https://www.liptontoyota.com,True,50 State Emissions | 6-Gallons of Gas | Platinum Package | Premium Paint | SET Digital Portfolio | TOYOGUARD Platinum
2024-10-16,5TDESKFC5RS153092,2024,Sienna Platinum,DealerHold,False,Factory to port,57819,Wind Chill Pearl [extra_cost_color],Nobel Brown Leather,63,Wesley Chapel Toyota,https://www.wesleychapeltoyota.com,True,50 State Emissions | 6-Gallons of Gas | Carpet Floor Mats | Clear Paint Protection - Door Package | Cross Bars | Illuminated Door Sills | Phone Cable Charge Package | Platinum Package | Premium Paint | SET Digital Portfolio | TOYOGUARD Platinum | Temporary Spare Tire: Removes 2nd-Row
2024-09-18,5TDESKFC7RS148136,2024,Sienna Platinum,Available,False,At dealer,56647,Midnight Black Metallic,Nobel Brown Leather,173,Toyota of Deerfield Beach,https://www.toyotaofdeerfieldbeach.com,False,50 State Emissions | 6-Gallons of Gas | Clear Paint Protection - Door Package | Illuminated Door Sills | Platinum Package | SET Digital Portfolio | TOYOGUARD Platinum | Temporary Spare Tire: Removes 2nd-Row
2024-10-14,5TDESKFC7RS152249,2024,Sienna Platinum,DealerHold,False,Factory to port,56772,Midnight Black Metallic,Nobel Brown Leather,37,Mike Erdman Toyota,https://www.mikeerdmantoyota.com,True,50 State Emissions | 6-Gallons of Gas | ALL WEATHER FLOOR MATS | Clear Paint Protection - Door Package | Illuminated Door Sills | Mike Erdman Family Plan | Platinum Package | SET Digital Portfolio | TOYOGUARD Platinum
2024-10-19,5TDESKFC8RS40D039,2024,Sienna Platinum,Available,True,Factory to port,55659,Cypress,Nobel Brown Leather,55,Toyota of Melbourne,https://www.toyotaofmelbourne.com,True,50 State Emissions | 6-Gallons of Gas | All Weather Floor Mats | Lifetime Powertrain Warranty | Platinum Package | SET Digital Portfolio | Temporary Spare Tire: Removes 2nd-Row
2024-10-12,5TDESKFC9RS151989,2024,Sienna Platinum,Available,False,Factory to port,56602,Predawn Gray Mica,Nobel Brown Leather,89,Beaver Toyota of St. Augustine,https://www.beavertoyotastaugustine.com,False,50 State Emissions | 6-Gallons of Gas | Illuminated Door Sills | Phone Cable Charge Package | Platinum Package | SET Digital Portfolio | TOYOGUARD Platinum
2024-10-12,5TDESKFCXRS151547,2024,Sienna Platinum,Available,True,Factory to port,56504,Wind Chill Pearl [extra_cost_color],Nobel Brown Leather,93,AutoNation Toyota Pinellas Park,https://www.autonationtoyotapinellaspark.com,True,50 State Emissions | 6-Gallons of Gas | Mudguards | Platinum Package | Premium Paint | SET Digital Portfolio | TOYOGUARD Platinum | Temporary Spare Tire: Removes 2nd-Row
2024-10-19,5TDESKFCXRS153220,2024,Sienna Platinum,DealerHold,False,Factory to port,55784,Predawn Gray Mica,Nobel Brown Leather,72,Courtesy Toyota,https://www.courtesytoyota.com,False,50 State Emissions | 6-Gallons of Gas | All Weather Floor Mats | Platinum Package | SET Digital Portfolio
2024-10-03,5TDJRKEC0RS221584,2024,Sienna XLE,Available,False,Port to dealer,50985,Ruby Flare Pearl [extra_cost_color],Graphite Embossed Softex® [softex],72,Toyota of Tampa Bay,https://www.toyotaoftampabay.com,False,1500W Inverter with Two 120V AC Outlets | 50 State Emissions | 6-Gallons of Gas | Carpet Floor Mats | Illuminated Door Sills | Mudguards | Phone Cable Charge Package | Premium Paint | Rear Seat Entertainment System- | SET Digital Portfolio | SmartLED Ambient Lighting | TOYOGUARD Platinum | Temporary Spare Tire | XLE Plus Package:
2024-10-19,5TDJRKEC0RS40C253,2024,Sienna XLE,Available,False,Factory to port,46895,Celestial Silver Metallic,Graphite Embossed Softex® [softex],75,Village Cadillac-Toyota,https://www.villagetoyota.com,False,1500W Inverter with Two 120V AC Outlets | 50 State Emissions | 6-Gallons of Gas | Mudguards | Southeast Toyota Distributor | XLE Plus Package:
2024-10-16,5TDJRKEC0RS40D340,2024,Sienna XLE,Available,False,Factory to port,48814,Predawn Gray Mica,Graphite Embossed Softex® [softex],4,Toyota of Orlando,https://www.toyotaoforlando.com,False,1500W Inverter with Two 120V AC Outlets | 50 State Emissions | 6-Gallons of Gas | Carpet Floor Mats | Mudguards | Rear Seat Entertainment System- | Southeast Toyota Distributor | Temporary Spare Tire | XLE Plus Package:
2024-10-22,5TDJRKEC0RS40D404,2024,Sienna XLE,Available,True,Factory to port,48385,Celestial Silver Metallic,Graphite Embossed Softex® [softex],55,Toyota of Melbourne,https://www.toyotaofmelbourne.com,True,1500W Inverter with Two 120V AC Outlets | 50 State Emissions | 6-Gallons of Gas | Lifetime Powertrain Warranty | Melbourne Value Package  | Mudguards | Rear Seat Entertainment System- | SET Digital Portfolio | Temporary Spare Tire | XLE Plus Package:
2024-10-15,5TDJRKEC1RS223571,2024,Sienna XLE,DealerHold,False,Factory to port,50012,Midnight Black Metallic,Graphite Embossed Softex® [softex],72,Courtesy Toyota,https://www.courtesytoyota.com,False,1500W Inverter with Two 120V AC Outlets | 50 State Emissions | 6-Gallons of Gas | All Weather Floor Mats | Clear Paint Protection - Full Hood Package | Mudguards | Rear Seat Entertainment System- | SET Digital Portfolio | TOYOGUARD Platinum | Temporary Spare Tire | XLE Plus Package:
2024-10-19,5TDJRKEC1RS40C567,2024,Sienna XLE,Available,False,Factory to port,47594,Predawn Gray Mica,Graphite Embossed Softex® [softex],33,Phillips Toyota,https://www.phillipstoyota.com,False,1500W Inverter with Two 120V AC Outlets | 50 State Emissions | 6-Gallons of Gas | Mudguards | SET Digital Portfolio | TOYOGUARD Platinum | XLE Plus Package:
2024-10-21,5TDJRKEC1RS40D413,2024,Sienna XLE,,False,Factory to port,47594,Celestial Silver Metallic,Graphite Embossed Softex® [softex],137,AutoNation Toyota Fort Myers,https://www.autonationtoyotafortmyers.com,False,1500W Inverter with Two 120V AC Outlets | 50 State Emissions | 6-Gallons of Gas | Mudguards | SET Digital Portfolio | TOYOGUARD Platinum | XLE Plus Package:
2024-10-12,5TDJRKEC2RS222364,2024,Sienna XLE,Available,False,Factory to port,49837,Ruby Flare Pearl [extra_cost_color],Graphite Embossed Softex® [softex],91,Clearwater Toyota,https://www.clearwatertoyota.com,True,1500W Inverter with Two 120V AC Outlets | 50 State Emissions | 6-Gallons of Gas | Clear Paint Protection - Door Package | Mudguards | Phone Cable Charge Package | Premium Paint | Rear Seat Entertainment System- | SET Digital Portfolio | TOYOGUARD Platinum | Temporary Spare Tire | XLE Plus Package:
2024-10-12,5TDJRKEC2RS222381,2024,Sienna XLE,Available,False,Factory to port,49412,Celestial Silver Metallic,Graphite Embossed Softex® [softex],173,Toyota of Deerfield Beach,https://www.toyotaofdeerfieldbeach.com,False,1500W Inverter with Two 120V AC Outlets | 50 State Emissions | 6-Gallons of Gas | Clear Paint Protection - Door Package | Mudguards | Phone Cable Charge Package | Rear Seat Entertainment System- | SET Digital Portfolio | TOYOGUARD Platinum | Temporary Spare Tire | XLE Plus Package:
2024-10-12,5TDJRKEC3RS222518,2024,Sienna XLE,DealerHold,False,Factory to port,49938,Wind Chill Pearl [extra_cost_color],Graphite Embossed Softex® [softex],5,AutoNation Toyota Winter Park,https://www.autonationtoyotawinterpark.com,True,1500W Inverter with Two 120V AC Outlets | 50 State Emissions | 6-Gallons of Gas | All Weather Floor Mats | Free Lifetime Powertrain Warranty | Mudguards | Premium Paint | Rear Seat Entertainment System- | SET Digital Portfolio | TOYOGUARD Platinum | Temporary Spare Tire | XLE Plus Package:
2024-10-12,5TDJRKEC3RS222549,2024,Sienna XLE,Available,False,Factory to port,49163,Predawn Gray Mica,Graphite Embossed Softex® [softex],89,Beaver Toyota of St. Augustine,https://www.beavertoyotastaugustine.com,False,1500W Inverter with Two 120V AC Outlets | 50 State Emissions | 6-Gallons of Gas | Mudguards | Phone Cable Charge Package | Rear Seat Entertainment System- | SET Digital Portfolio | TOYOGUARD Platinum | Temporary Spare Tire | XLE Plus Package:
2024-10-26,5TDJRKEC3RS40D297,2024,Sienna XLE,DealerHold,False,Factory to port,49513,Blueprint,Graphite Embossed Softex® [softex],90,Toyota of Vero Beach,https://www.verobeachtoyota.com,False,1500W Inverter with Two 120V AC Outlets | 50 State Emissions | 6-Gallons of Gas | Carpet Floor Mats | Mudguards | Rear Seat Entertainment System- | SET Digital Portfolio | TOYOGUARD Platinum | Temporary Spare Tire | XLE Plus Package:
2024-10-26,5TDJRKEC4RS40D065,2024,Sienna XLE,Available,False,Factory to port,48893,Predawn Gray Mica,Graphite Embossed Softex® [softex],166,Ed Morse Delray Toyota,https://www.delraytoyota.com,False,1500W Inverter with Two 120V AC Outlets | 50 State Emissions | 6-Gallons of Gas | All Weather Floor Mats | Mudguards | Phone Cable Charge Package | Rear Seat Entertainment System- | SET Digital Portfolio | Temporary Spare Tire | XLE Plus Package:
2024-10-19,5TDJRKEC4RS40D986,2024,Sienna XLE,DealerHold,False,Factory to port,50012,Celestial Silver Metallic,Graphite Embossed Softex® [softex],72,Courtesy Toyota,https://www.courtesytoyota.com,False,1500W Inverter with Two 120V AC Outlets | 50 State Emissions | 6-Gallons of Gas | All Weather Floor Mats | Clear Paint Protection - Full Hood Package | Mudguards | Rear Seat Entertainment System- | SET Digital Portfolio | TOYOGUARD Platinum | Temporary Spare Tire | XLE Plus Package:
2024-09-11,5TDJRKEC5RS219037,2024,Sienna XLE,Available,False,At dealer,48814,Celestial Silver Metallic,Graphite Embossed Softex® [softex],192,Headquarter Toyota,https://www.headquartertoyota.com,False,1500W Inverter with Two 120V AC Outlets | 50 State Emissions | 6-Gallons of Gas | Carpet Floor Mats | Mudguards | Rear Seat Entertainment System- | Southeast Toyota Distributor | Temporary Spare Tire | XLE Plus Package:
2024-10-03,5TDJRKEC5RS221130,2024,Sienna XLE,Available,False,Port to dealer,49662,Predawn Gray Mica,Graphite Embossed Softex® [softex],72,Toyota of Tampa Bay,https://www.toyotaoftampabay.com,False,1500W Inverter with Two 120V AC Outlets | 50 State Emissions | 6-Gallons of Gas | Clear Paint Protection - Full Hood Package | Mudguards | Phone Cable Charge Package | Rear Seat Entertainment System- | SET Digital Portfolio | TOYOGUARD Platinum | Temporary Spare Tire | XLE Plus Package:
2024-10-15,5TDJRKEC5RS223427,2024,Sienna XLE,DealerHold,True,Factory to port,49163,Celestial Silver Metallic,Graphite Embossed Softex® [softex],119,Venice Toyota,https://www.venicetoyota.com,True,1500W Inverter with Two 120V AC Outlets | 50 State Emissions | 6-Gallons of Gas | Mudguards | Phone Cable Charge Package | Rear Seat Entertainment System- | SET Digital Portfolio | TOYOGUARD Platinum | Temporary Spare Tire | XLE Plus Package:
2024-09-30,5TDJRKEC6RS221752,2024,Sienna XLE,Available,False,At dealer,49837,Wind Chill Pearl [extra_cost_color],Graphite Embossed Softex® [softex],173,Toyota of Deerfield Beach,https://www.toyotaofdeerfieldbeach.com,False,1500W Inverter with Two 120V AC Outlets | 50 State Emissions | 6-Gallons of Gas | Clear Paint Protection - Door Package | Mudguards | Phone Cable Charge Package | Premium Paint | Rear Seat Entertainment System- | SET Digital Portfolio | TOYOGUARD Platinum | Temporary Spare Tire | XLE Plus Package:
2024-10-20,5TDJRKEC6RS40E038,2024,Sienna XLE,DealerHold,False,Factory to port,48023,Midnight Black Metallic,Graphite Embossed Softex® [softex],147,Southern 441 Toyota,https://www.southern441toyota.com,False,1500W Inverter with Two 120V AC Outlets | 50 State Emissions | 6-Gallons of Gas | All Weather Floor Mats | Mudguards | SET Digital Portfolio | TOYOGUARD Platinum | XLE Plus Package:
2022-11-12,5TDJRKEC7PS137288,2023,Sienna XLE,Available,False,At dealer,47131,Windchill Pearl [extra_cost_color],Graphite Embossed Softex® [softex],188,Toyota of Hollywood,https://www.toyotaofhollywood.com,True,50 State Emissions | 6-Gallons of Gas | All Weather Floor Mats | PDS - Company Cars | Paint Protection Film - Hood & Door Package | Special Color | TOYOGUARD Platinum | XLE Plus Package
2024-10-02,5TDJRKEC7RS221601,2024,Sienna XLE,DealerHold,False,Port to dealer,49509,Wind Chill Pearl [extra_cost_color],Graphite Embossed Softex® [softex],181,AutoNation Toyota Weston,https://www.autonationtoyotaweston.com,True,1500W Inverter with Two 120V AC Outlets | 50 State Emissions | 6-Gallons of Gas | Mudguards | Premium Paint | Rear Seat Entertainment System- | SET Digital Portfolio | TOYOGUARD Platinum | Temporary Spare Tire | XLE Plus Package:
2024-10-12,5TDJRKEC7RS222540,2024,Sienna XLE,Available,False,Factory to port,50256,Ruby Flare Pearl [extra_cost_color],Graphite Embossed Softex® [softex],200,Doral Toyota,https://www.doraltoyota.com,True,1500W Inverter with Two 120V AC Outlets | 50 State Emissions | 6-Gallons of Gas | Carpet Floor Mats | Cross Bars | Mudguards | Phone Cable Charge Package | Premium Paint | Rear Seat Entertainment System- | Southeast Toyota Distributor | TOYOGUARD Platinum | Temporary Spare Tire | XLE Plus Package:
2024-10-14,5TDJRKEC7RS223204,2024,Sienna XLE,DealerHold,False,Factory to port,49837,Wind Chill Pearl [extra_cost_color],Graphite Embossed Softex® [softex],91,Clearwater Toyota,https://www.clearwatertoyota.com,True,1500W Inverter with Two 120V AC Outlets | 50 State Emissions | 6-Gallons of Gas | Clear Paint Protection - Door Package | Mudguards | Phone Cable Charge Package | Premium Paint | Rear Seat Entertainment System- | SET Digital Portfolio | TOYOGUARD Platinum | Temporary Spare Tire | XLE Plus Package:
2024-10-20,5TDJRKEC7RS40C802,2024,Sienna XLE,DealerHold,False,Factory to port,49415,Ruby Flare Pearl [extra_cost_color],Graphite Embossed Softex® [softex],172,Al Hendrickson Toyota,https://www.alhendricksontoyota.com,False,1500W Inverter with Two 120V AC Outlets | 50 State Emissions | 6-Gallons of Gas | All Weather Tri-Fold Cargo Liner | Carpet Floor Mats | Clear Paint Protection - Door Package | Illuminated Door Sills | Mudguards | Premium Paint | SET Digital Portfolio | TOYOGUARD Platinum | XLE Plus Package:
2024-10-16,5TDJRKEC8RS223549,2024,Sienna XLE,Available,False,Factory to port,49938,Ruby Flare Pearl [extra_cost_color],Graphite Embossed Softex® [softex],151,Palm Beach Toyota,https://www.palmbeachtoyota.com,True,1500W Inverter with Two 120V AC Outlets | 50 State Emissions | 6-Gallons of Gas | All Weather Floor Mats | Mudguards | Premium Paint | Rear Seat Entertainment System- | SET Digital Portfolio | TOYOGUARD Platinum | Temporary Spare Tire | XLE Plus Package:
2024-10-23,5TDJRKEC8RS40D263,2024,Sienna XLE,Available,False,Factory to port,47763,Celestial Silver Metallic,Graphite Embossed Softex® [softex],48,Lakeland Toyota,https://www.lakelandtoyota.com,True,50 State Emissions | 6-Gallons of Gas | Illuminated Door Sills | Mudguards | SET Digital Portfolio | TOYOGUARD Platinum | XLE Plus Package:
2024-10-15,5TDJRKEC9RS223401,2024,Sienna XLE,DealerHold,False,Factory to port,49084,Predawn Gray Mica,Graphite Embossed Softex® [softex],78,Gettel Stadium Toyota,https://www.stadiumtoyota.com,False,1500W Inverter with Two 120V AC Outlets | 50 State Emissions | 6-Gallons of Gas | Mudguards | Rear Seat Entertainment System- | Southeast Toyota Distributor | TOYOGUARD Platinum | Temporary Spare Tire | XLE Plus Package:
2024-09-29,5TDJRKECXRS221365,2024,Sienna XLE,Available,False,At dealer,50686,Wind Chill Pearl [extra_cost_color],Graphite Embossed Softex® [softex],120,Treasure Coast Toyota of Stuart,https://www.treasurecoasttoyotaofstuart.com,True,1500W Inverter with Two 120V AC Outlets | 50 State Emissions | 6-Gallons of Gas | All Weather Floor Mats | Clear Paint Protection - Door Package | Mudguards | Premium Paint | Rear Seat Entertainment System- | SmartLED Ambient Lighting | Southeast Toyota Distributor | TOYOGUARD Platinum | Temporary Spare Tire | XLE Plus Package:
2024-10-06,5TDJRKECXRS221446,2024,Sienna XLE,Available,False,Port to dealer,48776,Wind Chill Pearl [extra_cost_color],Graphite Embossed Softex® [softex],200,Doral Toyota,https://www.doraltoyota.com,True,1500W Inverter with Two 120V AC Outlets | 50 State Emissions | 6-Gallons of Gas | Carpet Floor Mats | Clear Paint Protection - Door Package | Mudguards | Phone Cable Charge Package | Premium Paint | Southeast Toyota Distributor | TOYOGUARD Platinum | XLE Plus Package:
2024-10-07,5TDJRKECXRS221995,2024,Sienna XLE,DealerHold,False,Factory to port,49412,Predawn Gray Mica,Graphite Embossed Softex® [softex],173,Toyota of Deerfield Beach,https://www.toyotaofdeerfieldbeach.com,False,1500W Inverter with Two 120V AC Outlets | 50 State Emissions | 6-Gallons of Gas | Clear Paint Protection - Door Package | Mudguards | Phone Cable Charge Package | Rear Seat Entertainment System- | SET Digital Portfolio | TOYOGUARD Platinum | Temporary Spare Tire | XLE Plus Package:
2024-10-26,5TDKRKEC3RS40C610,2024,Sienna LE,DealerHold,False,Factory to port,41137,Cypress,Gray Woven Fabric,31,Parks Toyota of Deland,https://www.parkstoyotaofdeland.com,False,50 State Emissions | 6-Gallons of Gas | All Weather Floor Mats | Mudguards | Roof Rails | SET Digital Portfolio | SmartLED Ambient Lighting | TOYOGUARD Platinum | Temporary Spare Tire
2024-10-12,5TDKRKEC6RS222811,2024,Sienna LE,DealerHold,False,Factory to port,40887,Ice Cap,Gray Woven Fabric,157,Germain Toyota of Naples,https://www.germaintoyotaofnaples.com,False,50 State Emissions | 6-Gallons of Gas | Carpet Floor Mats | Clear Paint Protection - Door Package | Mudguards | Roof Rails | SET Digital Portfolio | TOYOGUARD Platinum | Temporary Spare Tire
2024-10-02,5TDKRKEC7RS221764,2024,Sienna LE,DealerHold,False,At dealer,40209,Predawn Gray Mica,Gray Woven Fabric,137,AutoNation Toyota Fort Myers,https://www.autonationtoyotafortmyers.com,False,50 State Emissions | 6-Gallons of Gas | Mudguards | Roof Rails | SET Digital Portfolio | TOYOGUARD Platinum | Temporary Spare Tire
2024-10-19,5TDKRKEC7RS39E494,2024,Sienna LE,DealerHold,False,Factory to port,40717,Predawn Gray Mica,Gray Woven Fabric,99,Gettel Toyota of Lakewood,https://www.getteltoyotaoflakewood.com,True,50 State Emissions | 6-Gallons of Gas | All Weather Floor Mats | Mudguards | Phone Cable Charge Package | Roof Rails | SET Digital Portfolio | TOYOGUARD Platinum | Temporary Spare Tire
2024-10-16,5TDXRKEC0RS40C246,2024,Sienna XSE,,False,Factory to port,47424,Ice Cap,Gray Flannel + Black Embossed Softex® [softex],4,Toyota of Orlando,https://www.toyotaoforlando.com,False,50 State Emissions | 6-Gallons of Gas | Carpet Floor Mats | Mudguards | Roof Rails | Southeast Toyota Distributor
2024-10-07,5TDXRKEC1RS222091,2024,Sienna XSE,Available,False,Factory to port,49159,Ice Cap,Moonstone + Grey Embossed Softex® [softex],200,Doral Toyota,https://www.doraltoyota.com,True,50 State Emissions | 6-Gallons of Gas | Carpet Floor Mats | Clear Paint Protection - Door Package | Cross Bars | Illuminated Door Sills | Mudguards | Phone Cable Charge Package | Roof Rails | Southeast Toyota Distributor | TOYOGUARD Platinum
2024-10-19,5TDXRKEC1RS40C417,2024,Sienna XSE,Available,False,Factory to port,49170,Ice Cap,Gray Flannel + Black Embossed Softex® [softex],72,Toyota of Tampa Bay,https://www.toyotaoftampabay.com,False,50 State Emissions | 6-Gallons of Gas | Carpet Floor Mats | Illuminated Door Sills | Mudguards | Phone Cable Charge Package | Roof Rails | SET Digital Portfolio | SmartLED Ambient Lighting | TOYOGUARD Platinum
2024-10-21,5TDXRKEC1RS40D275,2024,Sienna XSE,DealerHold,False,Factory to port,48920,Ice Cap,Gray Flannel + Black Embossed Softex® [softex],218,South Dade Toyota,https://www.southdadetoyota.com,True,50 State Emissions | 6-Gallons of Gas | All Weather Floor Mats | All Weather Tri-Fold Cargo Liner | Illuminated Door Sills | Mudguards | Phone Cable Charge Package | Roof Rails | SET Digital Portfolio | TOYOGUARD Platinum
2024-10-07,5TDXRKEC2RS222231,2024,Sienna XSE,DealerHold,False,Factory to port,48491,Ice Cap,Gray Flannel + Black Embossed Softex® [softex],208,Kendall Toyota,https://www.kendalltoyota.com,False,50 State Emissions | 6-Gallons of Gas | Clear Paint Protection - Door Package | Illuminated Door Sills | Mudguards | Phone Cable Charge Package | Roof Rails | SET Digital Portfolio | TOYOGUARD Platinum
2024-10-19,5TDXRKEC2RS40C457,2024,Sienna XSE,Available,False,Factory to port,49359,Celestial Silver Metallic,Gray Flannel + Black Embossed Softex® [softex],187,I-95 Toyota of Brunswick,https://www.i95toyota.com,True,50 State Emissions | 6-Gallons of Gas | All Weather Floor Mats | All Weather Tri-Fold Cargo Liner | Cross Bars | Mudguards | Paint Protection Film - Hood & Door Package | Roof Rails | SET Digital Portfolio | TOYOGUARD Platinum
2024-10-19,5TDXRKEC2RS40D396,2024,Sienna XSE,DealerHold,False,Factory to port,49090,Celestial Silver Metallic,Gray Flannel + Black Embossed Softex® [softex],172,Al Hendrickson Toyota,https://www.alhendricksontoyota.com,False,50 State Emissions | 6-Gallons of Gas | All Weather Tri-Fold Cargo Liner | Carpet Floor Mats | Clear Paint Protection - Door Package | Illuminated Door Sills | Mudguards | Roof Rails | SET Digital Portfolio | TOYOGUARD Platinum
2024-10-26,5TDXRKEC2RS40E001,2024,Sienna XSE,Available,False,Factory to port,49839,Celestial Silver Metallic,Gray Flannel + Black Embossed Softex® [softex],31,Parks Toyota of Deland,https://www.parkstoyotaofdeland.com,False,50 State Emissions | 6-Gallons of Gas | All Weather Floor Mats | All Weather Tri-Fold Cargo Liner | Clear Paint Protection - Full Hood Package | Illuminated Door Sills | Mudguards | Roof Rails | SET Digital Portfolio | SmartLED Ambient Lighting | TOYOGUARD Platinum
2024-10-14,5TDXRKEC3RS223212,2024,Sienna XSE,Available,False,Factory to port,47673,Celestial Silver Metallic,Gray Flannel + Black Embossed Softex® [softex],18,Toyota of Clermont,https://www.toyotaofclermont.com,False,50 State Emissions | 6-Gallons of Gas | All Weather Floor Mats | All Weather Tri-Fold Cargo Liner | Mudguards | Roof Rails | Southeast Toyota Distributor
2024-10-13,5TDXRKEC4RS222831,2024,Sienna XSE,Available,True,Factory to port,49658,Blueprint,Moonstone + Grey Embossed Softex® [softex],63,Wesley Chapel Toyota,https://www.wesleychapeltoyota.com,True,50 State Emissions | 6-Gallons of Gas | Carpet Floor Mats | Clear Paint Protection - Door Package | Cross Bars | Illuminated Door Sills | Mudguards | Phone Cable Charge Package | Roof Rails | SET Digital Portfolio | SmartLED Ambient Lighting | TOYOGUARD Platinum
2024-10-03,5TDXRKEC5RS221929,2024,Sienna XSE,Available,False,Port to dealer,48242,Cement,Moonstone + Grey Embossed Softex® [softex],123,Butler Toyota Jacksonville,https://www.butlertoyotajacksonville.com,False,50 State Emissions | 6-Gallons of Gas | Illuminated Door Sills | Mudguards | Phone Cable Charge Package | Roof Rails | SET Digital Portfolio | TOYOGUARD Platinum
2024-10-26,5TDXRKEC5RS40D957,2024,Sienna XSE,Available,False,Factory to port,48451,Ice Cap,Gray Flannel + Black Embossed Softex® [softex],157,Germain Toyota of Naples,https://www.germaintoyotaofnaples.com,False,50 State Emissions | 6-Gallons of Gas | Carpet Floor Mats | Clear Paint Protection - Door Package | Mudguards | Phone Cable Charge Package | Roof Rails | SET Digital Portfolio | TOYOGUARD Platinum
2024-10-15,5TDXRKEC6RS223429,2024,Sienna XSE,DealerHold,False,Factory to port,49340,Celestial Silver Metallic,Gray Flannel + Black Embossed Softex® [softex],188,Toyota of Hollywood,https://www.toyotaofhollywood.com,True,50 State Emissions | 6-Gallons of Gas | Carpet Floor Mats | Clear Paint Protection - Door Package | Clear Paint Protection - Full Hood Package | Illuminated Door Sills | Mudguards | Roof Rails | SET Digital Portfolio | TOYOGUARD Platinum
2024-10-19,5TDXRKEC6RS40D983,2024,Sienna XSE,Available,False,Factory to port,48123,Celestial Silver Metallic,Moonstone + Grey Embossed Softex® [softex],78,Gettel Stadium Toyota,https://www.stadiumtoyota.com,False,50 State Emissions | 6-Gallons of Gas | Carpet Floor Mats | Mudguards | Roof Rails | SET Digital Portfolio | TOYOGUARD Platinum
2024-10-16,5TDXRKEC8RS223593,2024,Sienna XSE,Available,False,Factory to port,48022,Ice Cap,Gray Flannel + Black Embossed Softex® [softex],91,Clearwater Toyota,https://www.clearwatertoyota.com,True,50 State Emissions | 6-Gallons of Gas | Clear Paint Protection - Door Package | Mudguards | Phone Cable Charge Package | Roof Rails | SET Digital Portfolio | TOYOGUARD Platinum
2024-10-03,5TDXRKEC9RS221979,2024,Sienna XSE,DealerHold,False,At dealer,48022,Celestial Silver Metallic,Gray Flannel + Black Embossed Softex® [softex],173,Toyota of Deerfield Beach,https://www.toyotaofdeerfieldbeach.com,False,50 State Emissions | 6-Gallons of Gas | Clear Paint Protection - Door Package | Mudguards | Phone Cable Charge Package | Roof Rails | SET Digital Portfolio | TOYOGUARD Platinum
2024-10-12,5TDXRKEC9RS222677,2024,Sienna XSE,,False,Factory to port,48163,Celestial Silver Metallic,Gray Flannel + Black Embossed Softex® [softex],137,AutoNation Toyota Fort Myers,https://www.autonationtoyotafortmyers.com,False,50 State Emissions | 6-Gallons of Gas | Illuminated Door Sills | Mudguards | Roof Rails | SET Digital Portfolio | TOYOGUARD Platinum
2024-10-20,5TDXRKEC9RS40D119,2024,Sienna XSE,DealerHold,False,Factory to port,48412,Ice Cap,Gray Flannel + Black Embossed Softex® [softex],37,Mike Erdman Toyota,https://www.mikeerdmantoyota.com,True,50 State Emissions | 6-Gallons of Gas | ALL WEATHER FLOOR MATS | Clear Paint Protection - Door Package | Illuminated Door Sills | Mike Erdman Family Plan | Mudguards | Roof Rails | SET Digital Portfolio | TOYOGUARD Platinum
2024-10-12,5TDXRKECXRS222655,2024,Sienna XSE,Available,False,Factory to port,48841,Midnight Black Metallic,Gray Flannel + Black Embossed Softex® [softex],86,Sun Toyota,https://www.suntoyota.com,False,50 State Emissions | 6-Gallons of Gas | All Weather Floor Mats | All Weather Tri-Fold Cargo Liner | Illuminated Door Sills | Mudguards | Roof Rails | SET Digital Portfolio | TOYOGUARD Platinum
2024-10-19,5TDXSKFC2RS40D742,2024,Sienna XSE,Available,False,Factory to port,49328,Ruby Flare Pearl [extra_cost_color],Moonstone + Grey Embossed Softex® [softex],48,Lakeland Toyota,https://www.lakelandtoyota.com,True,50 State Emissions | 6-Gallons of Gas | Illuminated Door Sills | Premium Paint | Roof Rails | SET Digital Portfolio | TOYOGUARD Platinum
2024-09-21,5TDYRKEC0RS219767,2024,Sienna XLE,DealerHold,False,At dealer,45174,Celestial Silver Metallic,Chataeu Embossed Softex® [softex],192,Headquarter Toyota,https://www.headquartertoyota.com,False,50 State Emissions | 6-Gallons of Gas | Carpet Floor Mats | Mudguards | Roof Rails | Southeast Toyota Distributor
2024-09-23,5TDYRKEC0RS220949,2024,Sienna XLE,Available,False,At dealer,45869,Wind Chill Pearl [extra_cost_color],Chataeu Embossed Softex® [softex],86,Sun Toyota,https://www.suntoyota.com,False,50 State Emissions | 6-Gallons of Gas | Mudguards | Premium Paint | Roof Rails | SET Digital Portfolio | TOYOGUARD Platinum
2024-10-12,5TDYRKEC0RS222717,2024,Sienna XLE,DealerHold,False,Factory to port,46447,Celestial Silver Metallic,Chataeu Embossed Softex® [softex],188,Toyota of Hollywood,https://www.toyotaofhollywood.com,True,50 State Emissions | 6-Gallons of Gas | Carpet Floor Mats | Clear Paint Protection - Full Hood Package | Mudguards | Roof Rails | SET Digital Portfolio | TOYOGUARD Platinum | Temporary Spare Tire
2024-10-21,5TDYRKEC0RS40C042,2024,Sienna XLE,Available,False,Factory to port,45444,Blueprint,Chataeu Embossed Softex® [softex],33,Phillips Toyota,https://www.phillipstoyota.com,False,50 State Emissions | 6-Gallons of Gas | Mudguards | Roof Rails | SET Digital Portfolio | TOYOGUARD Platinum
2024-10-16,5TDYRKEC0RS40C316,2024,Sienna XLE,Available,False,Factory to port,45174,Predawn Gray Mica,Chataeu Embossed Softex® [softex],4,Toyota of Orlando,https://www.toyotaoforlando.com,False,50 State Emissions | 6-Gallons of Gas | Carpet Floor Mats | Mudguards | Roof Rails | Southeast Toyota Distributor
2024-10-19,5TDYRKEC0RS40C395,2024,Sienna XLE,Available,False,Factory to port,45753,Ruby Flare Pearl [extra_cost_color],Chataeu Embossed Softex® [softex],112,Coggin Toyota at the Avenues,https://www.coggintoyota.com,False,50 State Emissions | 6-Gallons of Gas | All Weather Floor Mats | Mudguards | Phone Cable Charge Package | Premium Paint | Roof Rails | SET Digital Portfolio | Temporary Spare Tire
2024-10-20,5TDYRKEC0RS40C557,2024,Sienna XLE,Available,False,Factory to port,45772,Midnight Black Metallic,Graphite Embossed Softex® [softex],91,Clearwater Toyota,https://www.clearwatertoyota.com,True,50 State Emissions | 6-Gallons of Gas | Clear Paint Protection - Door Package | Mudguards | Phone Cable Charge Package | Roof Rails | SET Digital Portfolio | TOYOGUARD Platinum
2024-10-19,5TDYRKEC0RS40D627,2024,Sienna XLE,DealerHold,False,Factory to port,44745,Predawn Gray Mica,Graphite Embossed Softex® [softex],31,Parks Toyota of Deland,https://www.parkstoyotaofdeland.com,False,50 State Emissions | 6-Gallons of Gas | Mudguards | Roof Rails | SET Digital Portfolio
2024-10-22,5TDYRKEC0RS40D692,2024,Sienna XLE,Available,False,Factory to port,46162,Celestial Silver Metallic,Chataeu Embossed Softex® [softex],37,Mike Erdman Toyota,https://www.mikeerdmantoyota.com,True,50 State Emissions | 6-Gallons of Gas | ALL WEATHER FLOOR MATS | Clear Paint Protection - Door Package | Illuminated Door Sills | Mike Erdman Family Plan | Mudguards | Roof Rails | SET Digital Portfolio | TOYOGUARD Platinum
2024-10-26,5TDYRKEC0RS40D899,2024,Sienna XLE,DealerHold,False,Factory to port,47515,Ruby Flare Pearl [extra_cost_color],Chataeu Embossed Softex® [softex],188,Toyota of Hollywood,https://www.toyotaofhollywood.com,True,50 State Emissions | 6-Gallons of Gas | Carpet Floor Mats | Clear Paint Protection - Door Package | Clear Paint Protection - Full Hood Package | Illuminated Door Sills | Mudguards | Premium Paint | Roof Rails | SET Digital Portfolio | TOYOGUARD Platinum
2024-10-14,5TDYRKEC1RS223200,2024,Sienna XLE,DealerHold,False,Factory to port,45523,Predawn Gray Mica,Graphite Embossed Softex® [softex],119,Venice Toyota,https://www.venicetoyota.com,True,50 State Emissions | 6-Gallons of Gas | Mudguards | Phone Cable Charge Package | Roof Rails | SET Digital Portfolio | TOYOGUARD Platinum
2024-10-20,5TDYRKEC1RS40C745,2024,Sienna XLE,Available,False,Factory to port,44745,Predawn Gray Mica,Graphite Embossed Softex® [softex],75,Village Cadillac-Toyota,https://www.villagetoyota.com,False,50 State Emissions | 6-Gallons of Gas | Mudguards | Roof Rails | Southeast Toyota Distributor
2024-10-02,5TDYRKEC2RS221536,2024,Sienna XLE,Available,False,At dealer,46452,Wind Chill Pearl [extra_cost_color],Chataeu Embossed Softex® [softex],136,I-75 Toyota of Lake City,https://www.i75toyota.com,True,50 State Emissions | 6-Gallons of Gas | All Weather Floor Mats | Mudguards | Phone Cable Charge Package | Premium Paint | Roof Rails | SET Digital Portfolio | TOYOGUARD Platinum | Temporary Spare Tire
2024-10-20,5TDYRKEC2RS40C222,2024,Sienna XLE,DealerHold,False,Factory to port,45523,Celestial Silver Metallic,Chataeu Embossed Softex® [softex],72,Courtesy Toyota,https://www.courtesytoyota.com,False,50 State Emissions | 6-Gallons of Gas | Mudguards | Phone Cable Charge Package | Roof Rails | SET Digital Portfolio | TOYOGUARD Platinum
2024-10-20,5TDYRKEC2RS40D225,2024,Sienna XLE,Available,False,Factory to port,46023,Ruby Flare Pearl [extra_cost_color],Graphite Embossed Softex® [softex],119,Venice Toyota,https://www.venicetoyota.com,True,50 State Emissions | 6-Gallons of Gas | Mudguards | Phone Cable Charge Package | Premium Paint | Roof Rails | SET Digital Portfolio | TOYOGUARD Platinum | Temporary Spare Tire
2024-10-13,5TDYRKEC3RS223084,2024,Sienna XLE,DealerHold,False,Factory to port,47478,Midnight Black Metallic,Chataeu Embossed Softex® [softex],112,Coggin Toyota at the Avenues,https://www.coggintoyota.com,False,50 State Emissions | 6-Gallons of Gas | Clear Paint Protection - Door Package | Clear Paint Protection - Full Hood Package | Cross Bars | Illuminated Door Sills | Mudguards | Phone Cable Charge Package | Roof Rails | SmartLED Ambient Lighting | Southeast Toyota Distributor | TOYOGUARD Platinum
2024-10-13,5TDYRKEC3RS223103,2024,Sienna XLE,DealerHold,False,Factory to port,46027,Predawn Gray Mica,Graphite Embossed Softex® [softex],151,Palm Beach Toyota,https://www.palmbeachtoyota.com,True,50 State Emissions | 6-Gallons of Gas | All Weather Floor Mats | Mudguards | Phone Cable Charge Package | Roof Rails | SET Digital Portfolio | TOYOGUARD Platinum | Temporary Spare Tire
2024-10-15,5TDYRKEC3RS223358,2024,Sienna XLE,DealerHold,False,Factory to port,44745,Midnight Black Metallic,Chataeu Embossed Softex® [softex],209,West Kendall Toyota,https://www.westkendalltoyota.com,False,50 State Emissions | 6-Gallons of Gas | Mudguards | Roof Rails | SET Digital Portfolio
2024-10-21,5TDYRKEC3RS40C570,2024,Sienna XLE,Available,False,Factory to port,46939,Celestial Silver Metallic,Chataeu Embossed Softex® [softex],63,Wesley Chapel Toyota,https://www.wesleychapeltoyota.com,True,50 State Emissions | 6-Gallons of Gas | Carpet Floor Mats | Clear Paint Protection - Door Package | Cross Bars | Mudguards | Phone Cable Charge Package | Roof Rails | SET Digital Portfolio | SmartLED Ambient Lighting | TOYOGUARD Platinum
2024-10-26,5TDYRKEC3RS40D055,2024,Sienna XLE,DealerHold,False,Factory to port,45971,Celestial Silver Metallic,Chataeu Embossed Softex® [softex],72,Courtesy Toyota,https://www.courtesytoyota.com,False,50 State Emissions | 6-Gallons of Gas | Carpet Floor Mats | Clear Paint Protection - Door Package | Illuminated Door Sills | Mudguards | Phone Cable Charge Package | Roof Rails | SET Digital Portfolio
2024-10-26,5TDYRKEC3RS40D380,2024,Sienna XLE,Available,False,Factory to port,46201,Predawn Gray Mica,Chataeu Embossed Softex® [softex],157,Germain Toyota of Naples,https://www.germaintoyotaofnaples.com,False,50 State Emissions | 6-Gallons of Gas | Carpet Floor Mats | Clear Paint Protection - Door Package | Mudguards | Phone Cable Charge Package | Roof Rails | SET Digital Portfolio | TOYOGUARD Platinum
2024-10-20,5TDYRKEC3RS40D668,2024,Sienna XLE,Available,False,Factory to port,45519,Predawn Gray Mica,Graphite Embossed Softex® [softex],33,Phillips Toyota,https://www.phillipstoyota.com,False,50 State Emissions | 6-Gallons of Gas | Mudguards | Roof Rails | SET Digital Portfolio | TOYOGUARD Platinum | Temporary Spare Tire
2024-10-26,5TDYRKEC3RS40D976,2024,Sienna XLE,DealerHold,False,Factory to port,46840,Predawn Gray Mica,Graphite Embossed Softex® [softex],172,Al Hendrickson Toyota,https://www.alhendricksontoyota.com,False,50 State Emissions | 6-Gallons of Gas | All Weather Tri-Fold Cargo Liner | Carpet Floor Mats | Clear Paint Protection - Door Package | Illuminated Door Sills | Mudguards | Roof Rails | SET Digital Portfolio | TOYOGUARD Platinum
2024-10-20,5TDYRKEC3RS40E027,2024,Sienna XLE,DealerHold,False,Factory to port,45873,Blueprint,Graphite Embossed Softex® [softex],72,Courtesy Toyota,https://www.courtesytoyota.com,False,50 State Emissions | 6-Gallons of Gas | All Weather Floor Mats | Mudguards | Roof Rails | SET Digital Portfolio | TOYOGUARD Platinum
2024-09-14,5TDYRKEC4RS219058,2024,Sienna XLE,Available,False,At dealer,48342,Ruby Flare Pearl [extra_cost_color],Graphite Embossed Softex® [softex],123,Arlington Toyota,https://www.arlingtontoyota.com,True,50 State Emissions | 6-Gallons of Gas | All Weather Floor Mats | All Weather Tri-Fold Cargo Liner | Illuminated Door Sills | Mudguards | Paint Protection Film - Hood & Door Package | Phone Cable Charge Package | Premium Paint | Roof Rails | SET Digital Portfolio | SmartLED Ambient Lighting | TOYOGUARD Platinum
2024-09-16,5TDYRKEC4RS219657,2024,Sienna XLE,Available,False,At dealer,46587,Wind Chill Pearl [extra_cost_color],Graphite Embossed Softex® [softex],173,Toyota of Deerfield Beach,https://www.toyotaofdeerfieldbeach.com,False,50 State Emissions | 6-Gallons of Gas | Clear Paint Protection - Door Package | Illuminated Door Sills | Mudguards | Premium Paint | Roof Rails | SET Digital Portfolio | TOYOGUARD Platinum
2024-10-01,5TDYRKEC4RS221697,2024,Sienna XLE,Available,False,At dealer,46745,Celestial Silver Metallic,Graphite Embossed Softex® [softex],200,Doral Toyota,https://www.doraltoyota.com,True,50 State Emissions | 6-Gallons of Gas | Carpet Floor Mats | Clear Paint Protection - Door Package | Illuminated Door Sills | Mudguards | Phone Cable Charge Package | Roof Rails | Southeast Toyota Distributor | TOYOGUARD Platinum | Temporary Spare Tire
2024-10-08,5TDYRKEC4RS222266,2024,Sienna XLE,Available,False,Factory to port,48093,Wind Chill Pearl [extra_cost_color],Graphite Embossed Softex® [softex],32,Miracle Toyota,https://www.miracletoyota.com,False,50 State Emissions | 6-Gallons of Gas | Carpet Floor Mats | Illuminated Door Sills | Mudguards | Paint Protection Film - Hood & Door Package | Phone Cable Charge Package | Premium Paint | Roof Rails | SET Digital Portfolio | SmartLED Ambient Lighting | TOYOGUARD Platinum
2024-10-14,5TDYRKEC4RS223563,2024,Sienna XLE,Available,False,Factory to port,45249,Celestial Silver Metallic,Graphite Embossed Softex® [softex],4,Toyota of Orlando,https://www.toyotaoforlando.com,False,50 State Emissions | 6-Gallons of Gas | Carpet Floor Mats | Mudguards | Roof Rails | Southeast Toyota Distributor | Temporary Spare Tire
2024-10-19,5TDYRKEC4RS40C870,2024,Sienna XLE,Available,False,Factory to port,47515,Ruby Flare Pearl [extra_cost_color],Graphite Embossed Softex® [softex],72,Courtesy Toyota,https://www.courtesytoyota.com,False,50 State Emissions | 6-Gallons of Gas | All Weather Floor Mats | Clear Paint Protection - Door Package | Clear Paint Protection - Full Hood Package | Illuminated Door Sills | Mudguards | Premium Paint | Roof Rails | SET Digital Portfolio | TOYOGUARD Platinum
2024-10-26,5TDYRKEC4RS40D243,2024,Sienna XLE,Available,False,Factory to port,46201,Celestial Silver Metallic,Graphite Embossed Softex® [softex],157,Germain Toyota of Naples,https://www.germaintoyotaofnaples.com,False,50 State Emissions | 6-Gallons of Gas | Carpet Floor Mats | Clear Paint Protection - Door Package | Mudguards | Phone Cable Charge Package | Roof Rails | SET Digital Portfolio | TOYOGUARD Platinum
2024-10-03,5TDYRKEC5RS221398,2024,Sienna XLE,DealerHold,False,Port to dealer,45444,Blueprint,Graphite Embossed Softex® [softex],209,West Kendall Toyota,https://www.westkendalltoyota.com,False,50 State Emissions | 6-Gallons of Gas | Mudguards | Roof Rails | SET Digital Portfolio | TOYOGUARD Platinum
2024-09-30,5TDYRKEC5RS221675,2024,Sienna XLE,Available,False,At dealer,46547,Wind Chill Pearl [extra_cost_color],Graphite Embossed Softex® [softex],4,Toyota of Orlando,https://www.toyotaoforlando.com,False,50 State Emissions | 6-Gallons of Gas | All Weather Tri-Fold Cargo Liner | Carpet Floor Mats | Mudguards | Premium Paint | Roof Rails | Southeast Toyota Distributor | TOYOGUARD Platinum
2024-10-05,5TDYRKEC5RS222101,2024,Sienna XLE,DealerHold,False,Port to dealer,46626,Wind Chill Pearl [extra_cost_color],Graphite Embossed Softex® [softex],157,Germain Toyota of Naples,https://www.germaintoyotaofnaples.com,False,50 State Emissions | 6-Gallons of Gas | Carpet Floor Mats | Clear Paint Protection - Door Package | Mudguards | Phone Cable Charge Package | Premium Paint | Roof Rails | SET Digital Portfolio | TOYOGUARD Platinum
2024-10-12,5TDYRKEC5RS222728,2024,Sienna XLE,Available,False,Factory to port,45693,Predawn Gray Mica,Chataeu Embossed Softex® [softex],181,AutoNation Toyota Weston,https://www.autonationtoyotaweston.com,True,50 State Emissions | 6-Gallons of Gas | Clear Paint Protection - Door Package | Mudguards | Roof Rails | SET Digital Portfolio | TOYOGUARD Platinum
2024-10-12,5TDYRKEC5RS222888,2024,Sienna XLE,,False,Factory to port,47478,Midnight Black Metallic,Chataeu Embossed Softex® [softex],112,Coggin Toyota at the Avenues,https://www.coggintoyota.com,False,50 State Emissions | 6-Gallons of Gas | Clear Paint Protection - Door Package | Clear Paint Protection - Full Hood Package | Cross Bars | Illuminated Door Sills | Mudguards | Phone Cable Charge Package | Roof Rails | SmartLED Ambient Lighting | Southeast Toyota Distributor | TOYOGUARD Platinum
2024-10-13,5TDYRKEC5RS223040,2024,Sienna XLE,Available,False,Factory to port,47515,Ruby Flare Pearl [extra_cost_color],Graphite Embossed Softex® [softex],72,Courtesy Toyota,https://www.courtesytoyota.com,False,50 State Emissions | 6-Gallons of Gas | All Weather Floor Mats | Clear Paint Protection - Door Package | Clear Paint Protection - Full Hood Package | Illuminated Door Sills | Mudguards | Premium Paint | Roof Rails | SET Digital Portfolio | TOYOGUARD Platinum
2024-10-13,5TDYRKEC5RS223068,2024,Sienna XLE,DealerHold,False,Factory to port,46201,Predawn Gray Mica,Chataeu Embossed Softex® [softex],157,Germain Toyota of Naples,https://www.germaintoyotaofnaples.com,False,50 State Emissions | 6-Gallons of Gas | Carpet Floor Mats | Clear Paint Protection - Door Package | Mudguards | Phone Cable Charge Package | Roof Rails | SET Digital Portfolio | TOYOGUARD Platinum
2024-10-13,5TDYRKEC5RS223071,2024,Sienna XLE,DealerHold,False,Factory to port,45170,Wind Chill Pearl [extra_cost_color],Graphite Embossed Softex® [softex],75,Village Cadillac-Toyota,https://www.villagetoyota.com,False,50 State Emissions | 6-Gallons of Gas | Mudguards | Premium Paint | Roof Rails | Southeast Toyota Distributor
2024-10-16,5TDYRKEC5RS223720,2024,Sienna XLE,Available,False,Factory to port,45444,Celestial Silver Metallic,Chataeu Embossed Softex® [softex],209,West Kendall Toyota,https://www.westkendalltoyota.com,False,50 State Emissions | 6-Gallons of Gas | Mudguards | Roof Rails | SET Digital Portfolio | TOYOGUARD Platinum
2024-10-26,5TDYRKEC5RS40D879,2024,Sienna XLE,Available,False,Factory to port,45543,Midnight Black Metallic,Graphite Embossed Softex® [softex],181,AutoNation Toyota Weston,https://www.autonationtoyotaweston.com,True,50 State Emissions | 6-Gallons of Gas | Clear Paint Protection - Door Package | Roof Rails | SET Digital Portfolio | TOYOGUARD Platinum
2024-10-02,5TDYRKEC6RS221510,2024,Sienna XLE,DealerHold,False,At dealer,45948,Midnight Black Metallic,Chataeu Embossed Softex® [softex],5,AutoNation Toyota Winter Park,https://www.autonationtoyotawinterpark.com,True,50 State Emissions | 6-Gallons of Gas | All Weather Floor Mats | Free Lifetime Powertrain Warranty | Mudguards | Roof Rails | SET Digital Portfolio | TOYOGUARD Platinum | Temporary Spare Tire
2024-10-12,5TDYRKEC6RS222477,2024,Sienna XLE,DealerHold,False,Factory to port,47334,Wind Chill Pearl [extra_cost_color],Graphite Embossed Softex® [softex],200,Doral Toyota,https://www.doraltoyota.com,True,50 State Emissions | 6-Gallons of Gas | Carpet Floor Mats | Clear Paint Protection - Door Package | Cross Bars | Illuminated Door Sills | Mudguards | Phone Cable Charge Package | Premium Paint | Roof Rails | Southeast Toyota Distributor | TOYOGUARD Platinum
2024-10-12,5TDYRKEC6RS222673,2024,Sienna XLE,DealerHold,False,Factory to port,47515,Ruby Flare Pearl [extra_cost_color],Graphite Embossed Softex® [softex],188,Toyota of Hollywood,https://www.toyotaofhollywood.com,True,50 State Emissions | 6-Gallons of Gas | Carpet Floor Mats | Clear Paint Protection - Door Package | Clear Paint Protection - Full Hood Package | Illuminated Door Sills | Mudguards | Premium Paint | Roof Rails | SET Digital Portfolio | TOYOGUARD Platinum
2024-10-12,5TDYRKEC6RS222737,2024,Sienna XLE,DealerHold,False,Factory to port,46840,Celestial Silver Metallic,Graphite Embossed Softex® [softex],172,Al Hendrickson Toyota,https://www.alhendricksontoyota.com,False,50 State Emissions | 6-Gallons of Gas | All Weather Tri-Fold Cargo Liner | Carpet Floor Mats | Clear Paint Protection - Door Package | Illuminated Door Sills | Mudguards | Roof Rails | SET Digital Portfolio | TOYOGUARD Platinum
2024-10-13,5TDYRKEC6RS223077,2024,Sienna XLE,Available,False,Factory to port,46193,Ruby Flare Pearl [extra_cost_color],Graphite Embossed Softex® [softex],181,AutoNation Toyota Weston,https://www.autonationtoyotaweston.com,True,50 State Emissions | 6-Gallons of Gas | Clear Paint Protection - Door Package | Mudguards | Premium Paint | Roof Rails | SET Digital Portfolio | TOYOGUARD Platinum | Temporary Spare Tire
2024-10-14,5TDYRKEC6RS223161,2024,Sienna XLE,DealerHold,False,Factory to port,45693,Predawn Gray Mica,Graphite Embossed Softex® [softex],181,AutoNation Toyota Weston,https://www.autonationtoyotaweston.com,True,50 State Emissions | 6-Gallons of Gas | Clear Paint Protection - Door Package | Mudguards | Roof Rails | SET Digital Portfolio | TOYOGUARD Platinum
2024-10-15,5TDYRKEC6RS223466,2024,Sienna XLE,DealerHold,False,Factory to port,46201,Celestial Silver Metallic,Graphite Embossed Softex® [softex],157,Germain Toyota of Naples,https://www.germaintoyotaofnaples.com,False,50 State Emissions | 6-Gallons of Gas | Carpet Floor Mats | Clear Paint Protection - Door Package | Mudguards | Phone Cable Charge Package | Roof Rails | SET Digital Portfolio | TOYOGUARD Platinum
2024-10-15,5TDYRKEC6RS223533,2024,Sienna XLE,DealerHold,False,Factory to port,46201,Celestial Silver Metallic,Chataeu Embossed Softex® [softex],157,Germain Toyota of Naples,https://www.germaintoyotaofnaples.com,False,50 State Emissions | 6-Gallons of Gas | Carpet Floor Mats | Clear Paint Protection - Door Package | Mudguards | Phone Cable Charge Package | Roof Rails | SET Digital Portfolio | TOYOGUARD Platinum
2024-10-16,5TDYRKEC6RS223693,2024,Sienna XLE,DealerHold,False,Factory to port,46377,Wind Chill Pearl [extra_cost_color],Graphite Embossed Softex® [softex],99,Gettel Toyota of Lakewood,https://www.getteltoyotaoflakewood.com,True,50 State Emissions | 6-Gallons of Gas | All Weather Floor Mats | Mudguards | Phone Cable Charge Package | Premium Paint | Roof Rails | SET Digital Portfolio | TOYOGUARD Platinum
2024-10-16,5TDYRKEC6RS223743,2024,Sienna XLE,Available,False,Factory to port,45944,Wind Chill Pearl [extra_cost_color],Graphite Embossed Softex® [softex],101,Bev Smith Toyota,https://www.bevsmithtoyota.com,False,50 State Emissions | 6-Gallons of Gas | Mudguards | Premium Paint | Roof Rails | SET Digital Portfolio | TOYOGUARD Platinum | Temporary Spare Tire
2024-09-24,5TDYRKEC7RS220883,2024,Sienna XLE,Available,False,At dealer,47169,Celestial Silver Metallic,Chataeu Embossed Softex® [softex],181,AutoNation Toyota Weston,https://www.autonationtoyotaweston.com,True,50 State Emissions | 6-Gallons of Gas | All Weather Floor Mats | All Weather Tri-Fold Cargo Liner | Illuminated Door Sills | Mudguards | Phone Cable Charge Package | Roof Rails | SmartLED Ambient Lighting | Southeast Toyota Distributor | TOYOGUARD Platinum
2024-10-07,5TDYRKEC7RS222259,2024,Sienna XLE,Available,False,Factory to port,45249,Celestial Silver Metallic,Graphite Embossed Softex® [softex],18,Toyota of Clermont,https://www.toyotaofclermont.com,False,50 State Emissions | 6-Gallons of Gas | All Weather Floor Mats | Mudguards | Roof Rails | Southeast Toyota Distributor | Temporary Spare Tire
2024-10-13,5TDYRKEC7RS222312,2024,Sienna XLE,DealerHold,True,Factory to port,47743,Midnight Black Metallic,Graphite Embossed Softex® [softex],119,Venice Toyota,https://www.venicetoyota.com,True,50 State Emissions | 6-Gallons of Gas | Carpet Floor Mats | Illuminated Door Sills | Mudguards | Paint Protection Film - Hood & Door Package | Phone Cable Charge Package | Roof Rails | SmartLED Ambient Lighting | Southeast Toyota Distributor | TOYOGUARD Platinum | Temporary Spare Tire
2024-10-12,5TDYRKEC7RS222682,2024,Sienna XLE,Available,False,Factory to port,46920,Celestial Silver Metallic,Chataeu Embossed Softex® [softex],119,Gettel Toyota of Charlotte County,https://www.getteltoyotaofcharlottecounty.com,True,50 State Emissions | 6-Gallons of Gas | Carpet Floor Mats | Illuminated Door Sills | Mudguards | Phone Cable Charge Package | Roof Rails | SET Digital Portfolio | SmartLED Ambient Lighting | TOYOGUARD Platinum
2024-10-12,5TDYRKEC7RS222729,2024,Sienna XLE,Available,False,Factory to port,46909,Predawn Gray Mica,Graphite Embossed Softex® [softex],136,I-75 Toyota of Lake City,https://www.i75toyota.com,True,50 State Emissions | 6-Gallons of Gas | All Weather Floor Mats | All Weather Tri-Fold Cargo Liner | Cross Bars | Illuminated Door Sills | Mudguards | Phone Cable Charge Package | Roof Rails | SET Digital Portfolio | TOYOGUARD Platinum
2024-10-12,5TDYRKEC7RS222777,2024,Sienna XLE,Available,False,Factory to port,45848,Wind Chill Pearl [extra_cost_color],Graphite Embossed Softex® [softex],18,Toyota of Clermont,https://www.toyotaofclermont.com,False,50 State Emissions | 6-Gallons of Gas | All Weather Floor Mats | All Weather Tri-Fold Cargo Liner | Mudguards | Premium Paint | Roof Rails | Southeast Toyota Distributor
2024-10-14,5TDYRKEC7RS223475,2024,Sienna XLE,,False,Factory to port,45174,Midnight Black Metallic,Graphite Embossed Softex® [softex],4,Toyota of Orlando,https://www.toyotaoforlando.com,False,50 State Emissions | 6-Gallons of Gas | Carpet Floor Mats | Mudguards | Roof Rails | Southeast Toyota Distributor
2024-10-19,5TDYRKEC7RS40C944,2024,Sienna XLE,Available,False,Factory to port,47234,Celestial Silver Metallic,Chataeu Embossed Softex® [softex],197,Valdosta Toyota,https://www.valdostatoyota.com,False,50 State Emissions | 6-Gallons of Gas | All Weather Floor Mats | Cross Bars | Illuminated Door Sills | Mudguards | Phone Cable Charge Package | Roof Rails | SmartLED Ambient Lighting | TOYOGUARD Platinum | Temporary Spare Tire
2024-10-16,5TDYRKEC7RS40D172,2024,Sienna XLE,Available,False,Factory to port,46197,Ruby Flare Pearl [extra_cost_color],Chataeu Embossed Softex® [softex],96,Gatorland Toyota,https://www.gatorlandtoyota.com,True,50 State Emissions | 6-Gallons of Gas | Clear Paint Protection - Door Package | Mudguards | Phone Cable Charge Package | Premium Paint | Roof Rails | SET Digital Portfolio | TOYOGUARD Platinum
2024-10-20,5TDYRKEC7RS40D723,2024,Sienna XLE,Available,False,Factory to port,45847,Celestial Silver Metallic,Graphite Embossed Softex® [softex],91,Clearwater Toyota,https://www.clearwatertoyota.com,True,50 State Emissions | 6-Gallons of Gas | Clear Paint Protection - Door Package | Mudguards | Phone Cable Charge Package | Roof Rails | SET Digital Portfolio | TOYOGUARD Platinum | Temporary Spare Tire
2024-10-03,5TDYRKEC8RS221492,2024,Sienna XLE,Available,False,Port to dealer,48093,Wind Chill Pearl [extra_cost_color],Graphite Embossed Softex® [softex],73,Sebring Toyota,https://www.sebringtoyota.com,False,50 State Emissions | 6-Gallons of Gas | Carpet Floor Mats | Illuminated Door Sills | Mudguards | Paint Protection Film - Hood & Door Package | Phone Cable Charge Package | Premium Paint | Roof Rails | SET Digital Portfolio | SmartLED Ambient Lighting | TOYOGUARD Platinum
2024-10-07,5TDYRKEC8RS222027,2024,Sienna XLE,DealerHold,False,Factory to port,45245,Wind Chill Pearl [extra_cost_color],Graphite Embossed Softex® [softex],144,Earl Stewart Toyota of North Palm Beach,https://www.earlstewarttoyota.com,True,50 State Emissions | 6-Gallons of Gas | Mudguards | Premium Paint | Roof Rails | SET Digital Portfolio | Temporary Spare Tire
2024-10-12,5TDYRKEC8RS222660,2024,Sienna XLE,DealerHold,False,Factory to port,46587,Wind Chill Pearl [extra_cost_color],Graphite Embossed Softex® [softex],37,Mike Erdman Toyota,https://www.mikeerdmantoyota.com,True,50 State Emissions | 6-Gallons of Gas | ALL WEATHER FLOOR MATS | Clear Paint Protection - Door Package | Illuminated Door Sills | Mike Erdman Family Plan | Mudguards | Premium Paint | Roof Rails | SET Digital Portfolio | TOYOGUARD Platinum
2024-10-12,5TDYRKEC8RS222688,2024,Sienna XLE,DealerHold,False,Factory to port,45249,Predawn Gray Mica,Graphite Embossed Softex® [softex],192,Headquarter Toyota,https://www.headquartertoyota.com,False,50 State Emissions | 6-Gallons of Gas | Carpet Floor Mats | Mudguards | Roof Rails | Southeast Toyota Distributor | Temporary Spare Tire
2024-10-14,5TDYRKEC8RS223260,2024,Sienna XLE,Available,False,Factory to port,46338,Wind Chill Pearl [extra_cost_color],Chataeu Embossed Softex® [softex],119,Venice Toyota,https://www.venicetoyota.com,True,50 State Emissions | 6-Gallons of Gas | Illuminated Door Sills | Mudguards | Premium Paint | Roof Rails | SET Digital Portfolio | TOYOGUARD Platinum
2024-10-15,5TDYRKEC8RS223582,2024,Sienna XLE,DealerHold,False,Factory to port,48112,Wind Chill Pearl [extra_cost_color],Graphite Embossed Softex® [softex],31,Parks Toyota of Deland,https://www.parkstoyotaofdeland.com,False,50 State Emissions | 6-Gallons of Gas | All Weather Floor Mats | All Weather Tri-Fold Cargo Liner | Clear Paint Protection - Door Package | Cross Bars | Dashcam | Illuminated Door Sills | Mudguards | Phone Cable Charge Package | Premium Paint | Roof Rails | SET Digital Portfolio | TOYOGUARD Platinum
2024-10-16,5TDYRKEC8RS40C452,2024,Sienna XLE,Available,False,Factory to port,45944,Ruby Flare Pearl [extra_cost_color],Graphite Embossed Softex® [softex],33,Phillips Toyota,https://www.phillipstoyota.com,False,50 State Emissions | 6-Gallons of Gas | Mudguards | Premium Paint | Roof Rails | SET Digital Portfolio | TOYOGUARD Platinum | Temporary Spare Tire
2024-10-21,5TDYRKEC8RS40C466,2024,Sienna XLE,DealerHold,False,Factory to port,45971,Predawn Gray Mica,Chataeu Embossed Softex® [softex],144,Earl Stewart Toyota of North Palm Beach,https://www.earlstewarttoyota.com,True,50 State Emissions | 6-Gallons of Gas | Carpet Floor Mats | Clear Paint Protection - Door Package | Illuminated Door Sills | Mudguards | Phone Cable Charge Package | Roof Rails | SET Digital Portfolio
2024-10-19,5TDYRKEC8RS40C743,2024,Sienna XLE,DealerHold,False,Factory to port,45249,Predawn Gray Mica,Chataeu Embossed Softex® [softex],72,Courtesy Toyota,https://www.courtesytoyota.com,False,50 State Emissions | 6-Gallons of Gas | All Weather Floor Mats | Mudguards | Roof Rails | SET Digital Portfolio | Temporary Spare Tire
2024-10-21,5TDYRKEC8RS40C922,2024,Sienna XLE,DealerHold,False,Factory to port,45847,Predawn Gray Mica,Chataeu Embossed Softex® [softex],91,Clearwater Toyota,https://www.clearwatertoyota.com,True,50 State Emissions | 6-Gallons of Gas | Clear Paint Protection - Door Package | Mudguards | Phone Cable Charge Package | Roof Rails | SET Digital Portfolio | TOYOGUARD Platinum | Temporary Spare Tire
2024-10-22,5TDYRKEC8RS40E007,2024,Sienna XLE,DealerHold,False,Factory to port,45952,Celestial Silver Metallic,Graphite Embossed Softex® [softex],151,Palm Beach Toyota,https://www.palmbeachtoyota.com,True,50 State Emissions | 6-Gallons of Gas | All Weather Floor Mats | Mudguards | Phone Cable Charge Package | Roof Rails | SET Digital Portfolio | TOYOGUARD Platinum
2024-10-02,5TDYRKEC9RS221792,2024,Sienna XLE,DealerHold,False,At dealer,46342,Celestial Silver Metallic,Graphite Embossed Softex® [softex],208,Kendall Toyota,https://www.kendalltoyota.com,False,50 State Emissions | 6-Gallons of Gas | Carpet Floor Mats | Illuminated Door Sills | Mudguards | Roof Rails | SET Digital Portfolio | TOYOGUARD Platinum
2024-10-06,5TDYRKEC9RS221968,2024,Sienna XLE,Available,False,Factory to port,45174,Celestial Silver Metallic,Chataeu Embossed Softex® [softex],4,Toyota of Orlando,https://www.toyotaoforlando.com,False,50 State Emissions | 6-Gallons of Gas | Carpet Floor Mats | Mudguards | Roof Rails | Southeast Toyota Distributor
2024-10-07,5TDYRKEC9RS222344,2024,Sienna XLE,Available,False,Factory to port,45444,Predawn Gray Mica,Graphite Embossed Softex® [softex],93,AutoNation Toyota Pinellas Park,https://www.autonationtoyotapinellaspark.com,True,50 State Emissions | 6-Gallons of Gas | Mudguards | Roof Rails | SET Digital Portfolio | TOYOGUARD Platinum
2024-10-12,5TDYRKEC9RS222585,2024,Sienna XLE,Available,False,Factory to port,46193,Wind Chill Pearl [extra_cost_color],Graphite Embossed Softex® [softex],181,AutoNation Toyota Weston,https://www.autonationtoyotaweston.com,True,50 State Emissions | 6-Gallons of Gas | Clear Paint Protection - Door Package | Mudguards | Premium Paint | Roof Rails | SET Digital Portfolio | TOYOGUARD Platinum | Temporary Spare Tire
2024-10-13,5TDYRKEC9RS223056,2024,Sienna XLE,DealerHold,False,Factory to port,44820,Predawn Gray Mica,Chataeu Embossed Softex® [softex],209,West Kendall Toyota,https://www.westkendalltoyota.com,False,50 State Emissions | 6-Gallons of Gas | Mudguards | Roof Rails | SET Digital Portfolio | Temporary Spare Tire
2024-10-15,5TDYRKEC9RS223400,2024,Sienna XLE,DealerHold,False,Factory to port,45599,Wind Chill Pearl [extra_cost_color],Graphite Embossed Softex® [softex],72,Courtesy Toyota,https://www.courtesytoyota.com,False,50 State Emissions | 6-Gallons of Gas | All Weather Floor Mats | Mudguards | Premium Paint | Roof Rails | SET Digital Portfolio
2024-10-23,5TDYRKEC9RS40D013,2024,Sienna XLE,Available,False,Factory to port,45423,Celestial Silver Metallic,Chataeu Embossed Softex® [softex],18,Toyota of Clermont,https://www.toyotaofclermont.com,False,50 State Emissions | 6-Gallons of Gas | All Weather Floor Mats | All Weather Tri-Fold Cargo Liner | Mudguards | Roof Rails | Southeast Toyota Distributor
2024-10-20,5TDYRKEC9RS40D285,2024,Sienna XLE,Available,False,Factory to port,46591,Predawn Gray Mica,Graphite Embossed Softex® [softex],120,Treasure Coast Toyota of Stuart,https://www.treasurecoasttoyotaofstuart.com,True,50 State Emissions | 6-Gallons of Gas | Carpet Floor Mats | Clear Paint Protection - Door Package | Illuminated Door Sills | Mudguards | Roof Rails | Southeast Toyota Distributor | TOYOGUARD Platinum
2024-10-22,5TDYRKEC9RS40D609,2024,Sienna XLE,Available,False,Factory to port,46371,Celestial Silver Metallic,Chataeu Embossed Softex® [softex],191,Walker-Jones Toyota,https://www.walkerjonestoyota.com,True,50 State Emissions | 6-Gallons of Gas | All Weather Floor Mats | All Weather Tri-Fold Cargo Liner | Clear Paint Protection - Door Package | Mudguards | Pro Pack - Sienna | Roof Rails | Southeast Toyota Distributor | TOYOGUARD Platinum | Walker Jones Pro Pack
2024-10-22,5TDYRKEC9RS40D867,2024,Sienna XLE,Available,False,Factory to port,45913,Predawn Gray Mica,Chataeu Embossed Softex® [softex],48,Lakeland Toyota,https://www.lakelandtoyota.com,True,50 State Emissions | 6-Gallons of Gas | Illuminated Door Sills | Mudguards | Roof Rails | SET Digital Portfolio | TOYOGUARD Platinum
2024-10-02,5TDYRKECXRS221669,2024,Sienna XLE,DealerHold,False,At dealer,45599,Wind Chill Pearl [extra_cost_color],Graphite Embossed Softex® [softex],192,Headquarter Toyota,https://www.headquartertoyota.com,False,50 State Emissions | 6-Gallons of Gas | All Weather Floor Mats | Mudguards | Premium Paint | Roof Rails | SET Digital Portfolio
2024-10-07,5TDYRKECXRS222269,2024,Sienna XLE,DealerHold,True,Factory to port,45170,Wind Chill Pearl [extra_cost_color],Graphite Embossed Softex® [softex],55,Toyota of Melbourne,https://www.toyotaofmelbourne.com,True,50 State Emissions | 6-Gallons of Gas | Lifetime Powertrain Warranty | Mudguards | Premium Paint | Roof Rails | SET Digital Portfolio
2024-10-12,5TDYRKECXRS222515,2024,Sienna XLE,DealerHold,False,Factory to port,45772,Predawn Gray Mica,Graphite Embossed Softex® [softex],91,Clearwater Toyota,https://www.clearwatertoyota.com,True,50 State Emissions | 6-Gallons of Gas | Clear Paint Protection - Door Package | Mudguards | Phone Cable Charge Package | Roof Rails | SET Digital Portfolio | TOYOGUARD Platinum
2024-10-15,5TDYRKECXRS223308,2024,Sienna XLE,DealerHold,False,Factory to port,45869,Wind Chill Pearl [extra_cost_color],Graphite Embossed Softex® [softex],137,AutoNation Toyota Fort Myers,https://www.autonationtoyotafortmyers.com,False,50 State Emissions | 6-Gallons of Gas | Mudguards | Premium Paint | Roof Rails | SET Digital Portfolio | TOYOGUARD Platinum
2024-10-15,5TDYRKECXRS223342,2024,Sienna XLE,DealerHold,False,Factory to port,45444,Predawn Gray Mica,Graphite Embossed Softex® [softex],137,AutoNation Toyota Fort Myers,https://www.autonationtoyotafortmyers.com,False,50 State Emissions | 6-Gallons of Gas | Mudguards | Roof Rails | SET Digital Portfolio | TOYOGUARD Platinum
2024-10-16,5TDYRKECXRS223633,2024,Sienna XLE,DealerHold,False,Factory to port,46193,Wind Chill Pearl [extra_cost_color],Graphite Embossed Softex® [softex],91,Clearwater Toyota,https://www.clearwatertoyota.com,True,50 State Emissions | 6-Gallons of Gas | Clear Paint Protection - Door Package | Mudguards | Premium Paint | Roof Rails | SET Digital Portfolio | TOYOGUARD Platinum | Temporary Spare Tire
2024-10-19,5TDYRKECXRS40C131,2024,Sienna XLE,,False,Factory to port,46447,Predawn Gray Mica,Chataeu Embossed Softex® [softex],188,Toyota of Hollywood,https://www.toyotaofhollywood.com,True,50 State Emissions | 6-Gallons of Gas | Carpet Floor Mats | Clear Paint Protection - Full Hood Package | Mudguards | Roof Rails | SET Digital Portfolio | TOYOGUARD Platinum | Temporary Spare Tire
2024-10-19,5TDYRKECXRS40D361,2024,Sienna XLE,DealerHold,False,Factory to port,47515,Ruby Flare Pearl [extra_cost_color],Chataeu Embossed Softex® [softex],72,Courtesy Toyota,https://www.courtesytoyota.com,False,50 State Emissions | 6-Gallons of Gas | All Weather Floor Mats | Clear Paint Protection - Door Package | Clear Paint Protection - Full Hood Package | Illuminated Door Sills | Mudguards | Premium Paint | Roof Rails | SET Digital Portfolio | TOYOGUARD Platinum
2024-10-21,5TDYRKECXRS40D697,2024,Sienna XLE,Available,False,Factory to port,45174,Midnight Black Metallic,Graphite Embossed Softex® [softex],4,Toyota of Orlando,https://www.toyotaoforlando.com,False,50 State Emissions | 6-Gallons of Gas | Carpet Floor Mats | Mudguards | Roof Rails | Southeast Toyota Distributor
2024-10-12,5TDZRKEC0RS222446,2024,Sienna Limited,Available,False,Factory to port,53965,Wind Chill Pearl [extra_cost_color],Chateau Leather,72,Toyota of Tampa Bay,https://www.toyotaoftampabay.com,False,50 State Emissions | 6-Gallons of Gas | Clear Paint Protection - Door Package | Clear Paint Protection - Full Hood Package | Illuminated Door Sills | Mudguards | Phone Cable Charge Package | Premium Paint | SET Digital Portfolio | TOYOGUARD Platinum
2024-10-12,5TDZRKEC0RS222723,2024,Sienna Limited,DealerHold,False,Factory to port,51970,Wind Chill Pearl [extra_cost_color],Graphite Leather,93,AutoNation Toyota Pinellas Park,https://www.autonationtoyotapinellaspark.com,True,50 State Emissions | 6-Gallons of Gas | Mudguards | Premium Paint | SET Digital Portfolio
2024-10-12,5TDZRKEC0RS222883,2024,Sienna Limited,DealerHold,False,Factory to port,53098,Wind Chill Pearl [extra_cost_color],Graphite Leather,208,Kendall Toyota,https://www.kendalltoyota.com,False,50 State Emissions | 6-Gallons of Gas | All Weather Floor Mats | Mudguards | Premium Paint | SET Digital Portfolio | TOYOGUARD Platinum
2024-10-15,5TDZRKEC0RS223709,2024,Sienna Limited,DealerHold,False,Factory to port,53816,Wind Chill Pearl [extra_cost_color],Chateau Leather,9,Central Florida Toyota,https://www.centralfloridatoyota.com,True,50 State Emissions | 6-Gallons of Gas | All Weather Floor Mats | All Weather Tri-Fold Cargo Liner | Illuminated Door Sills | Mudguards | Premium Paint | SET Digital Portfolio | TOYOGUARD Platinum
2024-10-19,5TDZRKEC0RS40D292,2024,Sienna Limited,,False,Factory to port,53890,Celestial Silver Metallic,Graphite Leather,188,Toyota of Hollywood,https://www.toyotaofhollywood.com,True,50 State Emissions | 6-Gallons of Gas | Carpet Floor Mats | Clear Paint Protection - Door Package | Clear Paint Protection - Full Hood Package | Illuminated Door Sills | Mudguards | SET Digital Portfolio | TOYOGUARD Platinum
2024-10-13,5TDZRKEC1RS223072,2024,Sienna Limited,,False,Factory to port,53138,Wind Chill Pearl [extra_cost_color],Chateau Leather,137,AutoNation Toyota Fort Myers,https://www.autonationtoyotafortmyers.com,False,50 State Emissions | 6-Gallons of Gas | Illuminated Door Sills | Mudguards | Premium Paint | SET Digital Portfolio | TOYOGUARD Platinum
2024-09-16,5TDZRKEC2RS219094,2024,Sienna Limited,Available,False,At dealer,56230,Wind Chill Pearl [extra_cost_color],Graphite Leather,78,Gettel Stadium Toyota,https://www.stadiumtoyota.com,False,1500W Inverter with Two 120V AC Outlets | 50 State Emissions | 6-Gallons of Gas | Carpet Floor Mats | Digital Rear View Mirror with Homelink | Illuminated Door Sills | Mudguards | Paint Protection Film - Hood & Door Package | Premium Paint | Rear Seat Entertainment System- | SET Digital Portfolio | TOYOGUARD Platinum
2024-10-12,5TDZRKEC2RS222657,2024,Sienna Limited,DealerHold,False,Factory to port,54315,Wind Chill Pearl [extra_cost_color],Chateau Leather,188,Toyota of Hollywood,https://www.toyotaofhollywood.com,True,50 State Emissions | 6-Gallons of Gas | Carpet Floor Mats | Clear Paint Protection - Door Package | Clear Paint Protection - Full Hood Package | Illuminated Door Sills | Mudguards | Premium Paint | SET Digital Portfolio | TOYOGUARD Platinum
2024-09-23,5TDZRKEC3RS221047,2024,Sienna Limited,Available,False,At dealer,52997,Wind Chill Pearl [extra_cost_color],Chateau Leather,173,Toyota of Deerfield Beach,https://www.toyotaofdeerfieldbeach.com,False,50 State Emissions | 6-Gallons of Gas | Clear Paint Protection - Door Package | Mudguards | Phone Cable Charge Package | Premium Paint | SET Digital Portfolio | TOYOGUARD Platinum
2024-10-23,5TDZRKEC3RS39E412,2024,Sienna Limited,Available,False,Factory to port,52244,Celestial Silver Metallic,Graphite Leather,72,Courtesy Toyota,https://www.courtesytoyota.com,False,50 State Emissions | 6-Gallons of Gas | Mudguards | SET Digital Portfolio | TOYOGUARD Platinum
2024-10-20,5TDZRKEC3RS40E047,2024,Sienna Limited,Available,False,Factory to port,52752,Celestial Silver Metallic,Graphite Leather,151,Palm Beach Toyota,https://www.palmbeachtoyota.com,True,50 State Emissions | 6-Gallons of Gas | All Weather Floor Mats | Mudguards | Phone Cable Charge Package | SET Digital Portfolio | TOYOGUARD Platinum
2024-10-26,5TDZRKEC4RS40D859,2024,Sienna Limited,DealerHold,False,Factory to port,51970,Ruby Flare Pearl [extra_cost_color],Chateau Leather,75,Village Cadillac-Toyota,https://www.villagetoyota.com,False,50 State Emissions | 6-Gallons of Gas | Mudguards | Premium Paint | Southeast Toyota Distributor
2024-10-06,5TDZRKEC5RS222071,2024,Sienna Limited,Available,False,Port to dealer,53217,Wind Chill Pearl [extra_cost_color],Chateau Leather,119,Venice Toyota,https://www.venicetoyota.com,True,50 State Emissions | 6-Gallons of Gas | Illuminated Door Sills | Mudguards | Phone Cable Charge Package | Premium Paint | Southeast Toyota Distributor | TOYOGUARD Platinum
2024-10-19,5TDZRKEC5RS40D384,2024,Sienna Limited,DealerHold,True,Factory to port,52244,Predawn Gray Mica,Graphite Leather,93,AutoNation Toyota Pinellas Park,https://www.autonationtoyotapinellaspark.com,True,50 State Emissions | 6-Gallons of Gas | Mudguards | SET Digital Portfolio | TOYOGUARD Platinum
2024-10-19,5TDZRKEC7RS40C544,2024,Sienna Limited,Available,False,Factory to port,53890,Cypress,Graphite Leather,72,Courtesy Toyota,https://www.courtesytoyota.com,False,50 State Emissions | 6-Gallons of Gas | All Weather Floor Mats | Clear Paint Protection - Door Package | Clear Paint Protection - Full Hood Package | Illuminated Door Sills | Mudguards | SET Digital Portfolio | TOYOGUARD Platinum
2024-09-26,5TDZRKEC8RS221013,2024,Sienna Limited,Available,False,At dealer,52997,Wind Chill Pearl [extra_cost_color],Chateau Leather,173,Toyota of Deerfield Beach,https://www.toyotaofdeerfieldbeach.com,False,50 State Emissions | 6-Gallons of Gas | Clear Paint Protection - Door Package | Mudguards | Phone Cable Charge Package | Premium Paint | SET Digital Portfolio | TOYOGUARD Platinum
2024-10-07,5TDZRKEC8RS221383,2024,Sienna Limited,DealerHold,False,Factory to port,53138,Wind Chill Pearl [extra_cost_color],Chateau Leather,101,Bev Smith Toyota,https://www.bevsmithtoyota.com,False,50 State Emissions | 6-Gallons of Gas | Illuminated Door Sills | Mudguards | Premium Paint | SET Digital Portfolio | TOYOGUARD Platinum
2024-10-14,5TDZRKEC8RS223263,2024,Sienna Limited,Available,False,Factory to port,54315,Wind Chill Pearl [extra_cost_color],Graphite Leather,72,Courtesy Toyota,https://www.courtesytoyota.com,False,50 State Emissions | 6-Gallons of Gas | All Weather Floor Mats | Clear Paint Protection - Door Package | Clear Paint Protection - Full Hood Package | Illuminated Door Sills | Mudguards | Premium Paint | SET Digital Portfolio | TOYOGUARD Platinum
2024-10-16,5TDZRKEC8RS223506,2024,Sienna Limited,Available,False,Factory to port,54315,Wind Chill Pearl [extra_cost_color],Graphite Leather,50,Daytona Toyota,https://www.daytonatoyota.com,False,50 State Emissions | 6-Gallons of Gas | All Weather Tri-Fold Cargo Liner | Carpet Floor Mats | Illuminated Door Sills | Mudguards | Premium Paint | SET Digital Portfolio | SmartLED Ambient Lighting | TOYOGUARD Platinum
2024-10-23,5TDZRKEC8RS40C178,2024,Sienna Limited,DealerHold,True,Factory to port,55805,Celestial Silver Metallic,Graphite Leather,119,Venice Toyota,https://www.venicetoyota.com,True,1500W Inverter with Two 120V AC Outlets | 50 State Emissions | 6-Gallons of Gas | All Weather Floor Mats | Clear Paint Protection - Door Package | Clear Paint Protection - Full Hood Package | Digital Rear View Mirror with Homelink | Illuminated Door Sills | Mudguards | Rear Seat Entertainment System- | SET Digital Portfolio | TOYOGUARD Platinum
2024-04-10,5TDZRKEC9RS198034,2024,Sienna Limited,Available,False,L,53921,Wind Chill Pearl [extra_cost_color],Chateau Leather,192,Headquarter Toyota,https://www.headquartertoyota.com,False,50 State Emissions | 6-Gallons of Gas | All Weather Floor Mats | Mudguards | PDS - Company Cars | Paint Protection Film - Hood & Door Package | Premium Paint | TOYOGUARD Platinum | Temporary Spare Tire
2024-10-09,5TDZRKEC9RS222445,2024,Sienna Limited,DealerHold,False,Factory to port,52868,Wind Chill Pearl [extra_cost_color],Graphite Leather,116,Keith Pierson Toyota,https://www.keithpiersontoyota.com,False,50 State Emissions | 6-Gallons of Gas | All Weather Floor Mats | Illuminated Door Sills | Mudguards | Premium Paint | SET Digital Portfolio
2024-10-16,5TDZRKEC9RS223501,2024,Sienna Limited,DealerHold,False,Factory to port,54065,Wind Chill Pearl [extra_cost_color],Chateau Leather,172,Al Hendrickson Toyota,https://www.alhendricksontoyota.com,False,50 State Emissions | 6-Gallons of Gas | All Weather Tri-Fold Cargo Liner | Carpet Floor Mats | Clear Paint Protection - Door Package | Illuminated Door Sills | Mudguards | Premium Paint | SET Digital Portfolio | TOYOGUARD Platinum
2024-10-22,5TDZRKEC9RS40C867,2024,Sienna Limited,,False,Factory to port,54315,Ruby Flare Pearl [extra_cost_color],Graphite Leather,188,Toyota of Hollywood,https://www.toyotaofhollywood.com,True,50 State Emissions | 6-Gallons of Gas | Carpet Floor Mats | Clear Paint Protection - Door Package | Clear Paint Protection - Full Hood Package | Illuminated Door Sills | Mudguards | Premium Paint | SET Digital Portfolio | TOYOGUARD Platinum
2024-10-19,5TDZRKEC9RS40D937,2024,Sienna Limited,Available,False,Factory to port,53890,Predawn Gray Mica,Graphite Leather,72,Courtesy Toyota,https://www.courtesytoyota.com,False,50 State Emissions | 6-Gallons of Gas | All Weather Floor Mats | Clear Paint Protection - Door Package | Clear Paint Protection - Full Hood Package | Illuminated Door Sills | Mudguards | SET Digital Portfolio | TOYOGUARD Platinum
2024-10-01,5TDZRKECXRS221546,2024,Sienna Limited,Available,False,At dealer,53709,Sunset Bronze Mica,Chateau Leather,200,Doral Toyota,https://www.doraltoyota.com,True,50 State Emissions | 6-Gallons of Gas | Carpet Floor Mats | Clear Paint Protection - Door Package | Cross Bars | Illuminated Door Sills | Mudguards | Phone Cable Charge Package | Southeast Toyota Distributor | TOYOGUARD Platinum
2024-10-07,5TDZRKECXRS222065,2024,Sienna Limited,Available,False,Factory to port,52997,Wind Chill Pearl [extra_cost_color],Graphite Leather,173,Toyota of Deerfield Beach,https://www.toyotaofdeerfieldbeach.com,False,50 State Emissions | 6-Gallons of Gas | Clear Paint Protection - Door Package | Mudguards | Phone Cable Charge Package | Premium Paint | SET Digital Portfolio | TOYOGUARD Platinum
2024-10-12,5TDZRKECXRS222695,2024,Sienna Limited,DealerHold,False,Factory to port,55013,Wind Chill Pearl [extra_cost_color],Graphite Leather,208,Kendall Toyota,https://www.kendalltoyota.com,False,1500W Inverter with Two 120V AC Outlets | 50 State Emissions | 6-Gallons of Gas | Carpet Floor Mats | Digital Rear View Mirror with Homelink | Mudguards | Premium Paint | Rear Seat Entertainment System- | SET Digital Portfolio | TOYOGUARD Platinum
